date,command,MAP,date_error,data_error,tape,file,phy_record,log_record
1969-07-21T04:42:45.618000Z,9,1,-,-,1,1,2,69
1969-07-21T04:43:32.109000Z,9,1,-,-,1,1,2,46
1969-07-21T05:17:18.994000Z,3,1,-,-,1,1,14,63
1969-07-21T05:17:44.352000Z,3,1,-,-,1,1,15,35
1969-07-21T05:33:01.525000Z,12,1,-,-,1,1,20,44
1969-07-21T05:36:09.864000Z,14,1,-,-,1,1,22,16
1969-07-21T05:38:54.704000Z,6,1,-,-,1,1,23,19
1969-07-21T05:47:06.812000Z,14,1,-,-,1,1,26,17
1969-07-21T05:56:43.418000Z,6,1,-,-,1,1,29,62
1969-07-21T05:58:20.593000Z,14,1,-,-,1,1,30,53
1969-07-21T06:00:52.141000Z,7,1,-,-,1,1,31,34
1969-07-21T06:03:47.268000Z,14,1,-,-,1,1,32,54
1969-07-21T06:07:01.049000Z,7,1,-,-,1,1,33,05
1969-07-21T06:08:54.589000Z,6,1,-,-,1,1,34,23
1969-07-21T06:09:54.324000Z,6,1,-,-,1,1,34,22
1969-07-21T06:13:47.388000Z,15,1,-,-,1,1,35,38
1969-07-21T06:14:13.343000Z,11,1,-,-,1,1,36,11
1969-07-21T06:17:32.628000Z,8,1,-,-,1,1,37,71
1969-07-21T06:26:55.310000Z,15,1,-,-,1,1,40,79
1969-07-21T06:38:50.783000Z,8,1,-,-,1,1,45,14
1969-07-21T06:41:33.198000Z,11,1,-,-,1,1,46,13
1969-07-21T06:43:35.195000Z,7,1,-,-,1,1,46,15
1969-07-21T06:44:53.652000Z,7,1,-,-,1,1,47,75
1969-07-21T06:46:37.503000Z,13,1,-,-,1,1,47,47
1969-07-21T06:48:32.816000Z,12,1,-,-,1,1,48,68
1969-07-21T06:50:08.816000Z,12,1,-,-,1,1,49,57
1969-07-21T06:52:41.574000Z,12,1,-,-,1,1,50,40
1969-07-21T06:57:16.894000Z,13,1,-,-,1,1,51,26
1969-07-21T06:58:20.895000Z,13,1,-,-,1,1,52,62
1969-07-21T07:03:45.118000Z,4,1,-,-,1,1,54,59
1969-07-21T07:07:30.933000Z,4,1,-,-,1,1,55,63
1969-07-21T07:11:14.330000Z,1,1,-,-,1,1,56,63
1969-07-21T07:12:39.464000Z,2,1,-,-,1,1,57,34
1969-07-21T07:19:57.193000Z,13,1,-,-,1,1,60,49
1969-07-21T07:20:52.136000Z,7,1,-,-,1,1,60,40
1969-07-21T07:21:28.968000Z,7,1,-,-,1,1,60,01
1969-07-21T07:21:50.703000Z,13,1,-,-,1,1,60,37
1969-07-21T07:35:15.571000Z,1,1,-,-,1,1,66,3
1969-07-21T07:37:03.612000Z,2,1,-,-,1,1,66,82
1969-07-21T08:49:07.826000Z,13,1,-,-,1,1,87,07
1969-07-21T08:50:22.728000Z,6,1,-,-,1,1,88,61
1969-07-21T08:51:04.353000Z,6,1,-,-,1,1,88,30
1969-07-21T08:53:11.749000Z,7,1,-,-,1,1,89,71
1969-07-21T08:53:53.410000Z,7,1,-,-,1,1,89,40
1969-07-21T08:59:00.731000Z,8,1,-,-,1,1,91,98
1969-07-21T08:59:52.052000Z,8,1,-,-,1,1,91,83
1969-07-21T09:00:45.789000Z,13,1,-,-,1,1,92,2
1969-07-21T09:02:03.675000Z,5,1,-,-,1,1,92,31
1969-07-21T09:02:43.515000Z,5,1,-,-,1,1,92,97
1969-07-21T09:13:44.042000Z,3,1,-,-,1,1,96,11
1969-07-21T10:45:58.210000Z,6,1,-,-,1,1,130,06
1969-07-21T10:46:50.134000Z,6,1,-,-,1,1,131,22
1969-07-21T10:48:23.116000Z,7,1,-,-,1,1,131,76
1969-07-21T10:48:59.342000Z,7,1,-,-,1,1,131,36
1969-07-21T10:49:41.002000Z,13,1,-,-,1,1,132,35
1969-07-21T12:10:04.525000Z,13,1,-,-,1,1,161,77
1969-07-21T12:11:29.657000Z,6,1,-,-,1,1,162,48
1969-07-21T12:12:14.336000Z,6,1,-,-,1,1,162,22
1969-07-21T12:13:28.600000Z,7,1,-,-,1,1,162,45
1969-07-21T12:14:23.543000Z,7,1,-,-,1,1,163,66
1969-07-21T12:15:14.260000Z,13,1,-,-,1,1,163,50
1969-07-21T15:19:58.870000Z,5,1,-,-,1,1,231,89
1969-07-21T15:21:53.588000Z,13,1,-,-,1,1,232,9
1969-07-21T15:22:43.701000Z,6,1,-,-,1,1,232,92
1969-07-21T15:23:38.642000Z,6,1,-,-,1,1,232,83
1969-07-21T15:24:33.585000Z,7,1,-,-,1,1,233,4
1969-07-21T15:25:33.964000Z,7,1,-,-,1,1,233,04
1969-07-21T15:29:19.774000Z,8,1,-,-,1,1,234,08
1969-07-21T15:30:18.942000Z,8,1,-,-,1,1,235,36
1969-07-21T15:30:48.528000Z,13,1,-,-,1,1,235,85
1969-07-21T15:43:33.503000Z,5,1,-,-,1,1,240,2
1969-07-21T17:10:08.344000Z,2,1,-,-,1,1,271,03
1969-07-21T17:11:03.287000Z,2,1,-,-,1,1,272,24
1969-07-21T17:12:53.174000Z,1,1,-,-,1,1,272,06
1969-07-21T17:14:13.473000Z,1,1,-,-,1,1,273,67
1969-07-21T17:48:31.127000Z,6,0,-,*,1,1,285,16
1969-07-21T17:52:22.371000Z,1,1,-,-,1,1,287,35
1969-07-21T18:25:23.358000Z,5,1,-,-,1,1,293,18
1969-07-21T18:27:14.454000Z,3,1,-,-,1,1,294,32
1969-07-21T19:12:43.498000Z,6,1,-,-,1,1,311,60
1969-07-21T19:14:03.197000Z,6,1,-,-,1,1,311,92
1969-07-21T19:25:58.667000Z,7,1,-,-,1,1,316,27
1969-07-21T20:36:03.335000Z,7,1,-,-,1,1,341,41
1969-07-21T20:37:08.542000Z,6,1,-,-,1,1,342,79
1969-07-21T20:38:23.410000Z,6,1,-,-,1,1,342,03
1969-07-21T20:43:08.997000Z,7,1,-,-,1,1,344,36
1969-07-21T21:08:36.541000Z,11,1,-,-,1,1,353,36
1969-07-21T21:09:47.185000Z,15,1,-,-,1,1,354,83
1969-07-21T21:13:17.899000Z,7,1,-,-,1,1,355,62
1969-07-21T21:13:40.239000Z,15,1,-,-,1,1,355,99
1969-07-21T21:25:58.656000Z,7,1,-,-,1,1,360,72
1969-07-21T21:32:46.204000Z,6,1,-,-,1,1,362,07
1969-07-21T21:33:36.919000Z,6,1,-,-,1,1,363,21
1969-07-21T21:34:57.222000Z,8,1,-,-,1,1,363,54
1969-07-21T21:35:41.298000Z,8,1,-,-,1,1,363,27
1969-07-21T21:37:11.864000Z,13,1,-,-,1,1,364,07
1969-07-21T21:39:27.109000Z,1,1,-,-,1,1,365,61
1969-07-21T21:40:23.260000Z,2,1,-,-,1,1,365,54
1969-07-21T21:57:20.620000Z,7,0,-,-,1,1,371,19
1969-07-21T22:06:44.543000Z,7,0,-,-,1,1,375,73
1969-07-21T22:13:20.017000Z,9,0,-,-,1,1,377,88
1969-07-22T00:11:34.982000Z,1,0,-,-,1,1,421,59
1969-07-22T01:27:42.558000Z,13,1,-,-,1,1,449,10
1969-07-22T01:28:19.992000Z,12,1,-,-,1,1,449,72
1969-07-22T01:31:26.560000Z,6,1,-,-,1,1,450,11
1969-07-22T01:32:25.730000Z,6,1,-,-,1,1,451,39
1969-07-22T01:33:51.467000Z,7,1,-,-,1,1,451,81
1969-07-22T01:34:51.844000Z,7,1,-,-,1,1,452,11
1969-07-22T01:36:21.807000Z,8,1,-,-,1,1,452,60
1969-07-22T01:37:12.525000Z,8,1,-,-,1,1,452,44
1969-07-22T01:38:08.072000Z,13,1,-,-,1,1,453,66
1969-07-22T01:39:57.356000Z,12,1,-,-,1,1,453,45
1969-07-22T01:40:50.489000Z,12,1,-,-,1,1,454,63
1969-07-22T02:14:39.184000Z,13,1,-,-,1,1,466,77
1969-07-22T02:15:37.750000Z,12,1,-,-,1,1,467,4
1969-07-22T02:17:26.431000Z,6,1,-,-,1,1,467,84
1969-07-22T02:18:12.922000Z,6,1,-,-,1,1,467,61
1969-07-22T02:21:34.584000Z,13,1,-,-,1,1,469,53
1969-07-22T02:23:02.735000Z,12,1,-,-,1,1,469,99
1969-07-22T02:26:37.680000Z,12,1,-,-,1,1,471,15
1969-07-22T02:28:22.738000Z,3,1,-,-,1,1,471,87
1969-07-22T02:29:17.682000Z,4,1,-,-,1,1,472,8
1969-07-22T02:43:00.632000Z,4,1,-,-,1,1,475,44
1969-07-22T02:44:22.746000Z,11,1,-,-,1,1,476,08
1969-07-22T03:46:40.744000Z,10,1,-,-,1,1,500,55
1969-07-22T04:03:52.600000Z,13,1,-,-,1,1,506,44
1969-07-22T04:04:34.865000Z,12,1,-,-,1,1,506,14
1969-07-22T04:06:45.885000Z,6,1,-,-,1,1,507,61
1969-07-22T04:07:34.187000Z,6,1,-,-,1,1,507,41
1969-07-22T04:08:33.961000Z,7,1,-,-,1,1,508,70
1969-07-22T04:09:07.773000Z,7,1,-,-,1,1,508,26
1969-07-22T04:10:09.962000Z,13,1,-,-,1,1,508,29
1969-07-22T06:38:55.022000Z,13,1,-,-,1,1,564,45
1969-07-22T06:41:39.250000Z,6,1,-,-,1,1,565,47
1969-07-22T06:42:17.288000Z,6,1,-,-,1,1,565,10
1969-07-22T06:43:26.119000Z,8,1,-,-,1,1,566,54
1969-07-22T06:44:21.063000Z,8,1,-,-,1,1,566,45
1969-07-22T06:46:52.008000Z,13,1,-,-,1,1,567,25
1969-07-22T07:17:55.877000Z,13,1,-,-,1,1,578,42
1969-07-22T07:20:05.086000Z,6,1,-,-,1,1,579,86
1969-07-22T07:20:05.085000Z,6,1,-,-,1,1,580,10
1969-07-22T07:24:39.805000Z,7,1,-,-,1,1,582,23
1969-07-22T07:25:46.221000Z,7,1,-,-,1,1,582,30
1969-07-22T07:30:06.450000Z,13,1,-,-,1,1,584,21
1969-07-21T18:25:23.358000Z,5,1,-,-,1,2,7,41
1969-07-21T18:27:14.451000Z,3,1,-,-,1,2,7,25
1969-07-21T19:12:43.497000Z,6,1,-,-,1,2,24,54
1969-07-21T19:14:03.195000Z,6,1,-,-,1,2,25,16
1969-07-21T19:25:58.664000Z,7,1,-,-,1,2,29,21
1969-07-22T08:30:49.067000Z,13,1,-,-,1,3,2,50
1969-07-22T08:35:12.312000Z,6,1,-,-,1,3,4,46
1969-07-22T08:37:18.505000Z,13,1,-,-,1,3,5,85
1969-07-22T11:28:46.945000Z,13,1,-,-,1,3,32,87
1969-07-22T11:30:24.154000Z,6,1,-,-,1,3,33,78
1969-07-22T11:30:57.966000Z,6,1,-,-,1,3,33,34
1969-07-22T11:32:53.892000Z,7,1,-,-,1,3,34,55
1969-07-22T11:33:24.082000Z,7,1,-,-,1,3,34,05
1969-07-22T11:34:52.837000Z,8,1,-,-,1,3,34,52
1969-07-22T11:35:41.139000Z,8,1,-,-,1,3,35,61
1969-07-22T11:40:11.030000Z,3,1,-,-,1,3,36,37
1969-07-22T11:40:58.125000Z,13,1,-,-,1,3,37,45
1969-07-22T11:50:33.530000Z,4,1,-,-,1,3,40,86
1969-07-22T11:56:20.102000Z,4,1,-,-,1,3,42,17
1969-07-22T13:35:48.501000Z,3,1,-,-,1,3,82,25
1969-07-22T13:36:28.955000Z,3,1,-,-,1,3,82,92
1969-07-22T13:53:39.011000Z,4,1,-,-,1,3,89,8
1969-07-22T14:29:49.024000Z,13,1,-,-,1,3,102,93
1969-07-22T14:32:33.253000Z,6,1,-,-,1,3,103,89
1969-07-22T14:34:18.311000Z,8,1,-,-,1,3,103,63
1969-07-22T14:35:03.595000Z,8,1,-,-,1,3,104,64
1969-07-22T14:35:48.879000Z,13,1,-,-,1,3,104,39
1969-07-22T14:54:43.993000Z,4,1,-,-,1,3,111,44
1969-07-22T17:27:46.348000Z,14,0,-,-,1,3,166,84
1969-07-22T18:20:09.061000Z,13,1,-,-,1,3,184,36
1969-07-22T18:21:03.401000Z,6,1,-,-,1,3,184,22
1969-07-22T18:21:58.346000Z,6,1,-,-,1,3,185,35
1969-07-22T18:25:07.935000Z,8,1,-,-,1,3,186,79
1969-07-22T18:25:58.049000Z,8,1,-,-,1,3,186,55
1969-07-22T18:26:42.730000Z,13,1,-,-,1,3,186,29
1969-07-22T18:05:43.245000Z,14,0,-,-,1,3,191,10
1969-07-22T18:20:09.074000Z,13,1,-,-,1,3,197,85
1969-07-22T18:21:03.407000Z,6,1,-,-,1,3,198,3
1969-07-22T18:21:58.359000Z,6,1,-,-,1,3,198,94
1969-07-22T18:25:07.939000Z,8,1,-,-,1,3,199,38
1969-07-22T18:26:42.741000Z,13,1,-,-,1,3,200,39
1969-07-22T19:22:02.959000Z,13,1,-,-,1,3,220,29
1969-07-22T19:22:47.639000Z,6,1,-,-,1,3,220,03
1969-07-22T19:23:15.415000Z,6,1,-,-,1,3,220,49
1969-07-22T19:23:52.849000Z,7,1,-,-,1,3,221,41
1969-07-22T19:24:17.606000Z,7,1,-,-,1,3,221,82
1969-07-22T19:24:43.569000Z,13,1,-,-,1,3,221,25
1969-07-22T22:32:13.941000Z,3,1,-,-,1,3,290,28
1969-07-22T22:33:16.739000Z,13,1,-,-,1,3,290,32
1969-07-22T22:36:10.630000Z,6,1,-,-,1,3,291,50
1969-07-22T22:36:34.178000Z,6,1,-,-,1,3,292,19
1969-07-22T22:37:53.276000Z,7,1,-,-,1,3,292,50
1969-07-22T22:38:24.070000Z,7,1,-,-,1,3,292,01
1969-07-22T22:39:42.784000Z,8,1,-,-,1,3,293,69
1969-07-22T22:40:24.013000Z,8,1,-,-,1,3,293,37
1969-07-22T22:41:45.259000Z,13,1,-,-,1,3,294,1
1969-07-23T01:34:00.987000Z,13,1,-,-,1,3,357,45
1969-07-23T01:35:16.152000Z,6,1,-,-,1,3,357,69
1969-07-23T01:35:54.949000Z,6,1,-,-,1,3,357,33
1969-07-23T01:37:13.752000Z,7,1,-,-,1,3,358,93
1969-07-23T01:37:51.335000Z,7,1,-,-,1,3,358,55
1969-07-23T01:39:05.897000Z,8,1,-,-,1,3,359,8
1969-07-23T01:39:38.024000Z,8,1,-,-,1,3,359,61
1969-07-23T01:40:41.672000Z,13,1,-,-,1,3,359,66
1969-07-23T01:56:53.370000Z,5,1,-,-,1,3,365,48
1969-07-23T01:58:14.587000Z,5,1,-,-,1,3,366,12
1969-07-23T01:59:50.351000Z,5,1,-,-,1,3,366,70
1969-07-23T02:04:04.908000Z,3,1,-,-,1,3,368,50
1969-07-23T02:04:25.514000Z,3,1,-,-,1,3,368,84
1969-07-23T02:05:12.180000Z,5,1,-,-,1,3,368,61
1969-07-23T03:38:06.043000Z,13,1,-,-,1,3,402,78
1969-07-23T03:39:21.796000Z,6,1,-,-,1,3,403,33
1969-07-23T03:39:57.551000Z,6,1,-,-,1,3,403,92
1969-07-23T03:41:28.451000Z,7,1,-,-,1,3,403,41
1969-07-23T03:41:51.478000Z,7,1,-,-,1,3,404,9
1969-07-23T03:43:39.347000Z,8,1,-,-,1,3,404,87
1969-07-23T03:44:08.435000Z,8,1,-,-,1,3,404,35
1969-07-23T03:44:46.007000Z,13,1,-,-,1,3,405,27
1969-07-23T06:11:56.367000Z,15,1,-,-,1,3,459,55
1969-07-23T06:13:39.616000Z,13,1,-,-,1,3,459,26
1969-07-23T06:15:24.676000Z,6,1,-,-,1,3,460,30
1969-07-23T06:15:28.903000Z,6,1,-,-,1,3,460,37
1969-07-23T06:16:36.528000Z,6,1,-,-,1,3,460,49
1969-07-23T06:16:40.150000Z,6,1,-,-,1,3,460,55
1969-07-23T06:19:41.289000Z,7,1,-,-,1,3,462,15
1969-07-23T06:19:46.723000Z,7,1,-,-,1,3,462,24
1969-07-23T06:21:46.274000Z,8,1,-,-,1,3,462,22
1969-07-23T06:21:51.104000Z,8,1,-,-,1,3,462,30
1969-07-23T06:23:14.428000Z,15,1,-,-,1,3,463,96
1969-07-23T06:23:39.787000Z,13,1,-,-,1,3,463,38
1969-07-23T10:05:34.093000Z,3,1,-,-,1,3,545,49
1969-07-23T10:06:42.322000Z,15,1,-,-,1,3,545,62
1969-07-23T10:08:52.743000Z,13,1,-,-,1,3,546,08
1969-07-23T10:10:20.293000Z,8,1,-,-,1,3,546,53
1969-07-23T10:10:26.331000Z,8,1,-,-,1,3,546,63
1969-07-23T10:12:08.977000Z,13,1,-,-,1,3,547,63
1969-07-23T10:12:26.487000Z,15,1,-,-,1,3,547,92
1969-07-23T12:21:18.729000Z,3,1,-,-,1,4,6,23
1969-07-23T12:21:49.523000Z,3,1,-,-,1,4,7,4
1969-07-23T14:33:28.438000Z,1,1,-,-,1,4,55,37
1969-07-23T15:27:08.510000Z,15,1,-,-,1,4,75,70
1969-07-23T15:27:58.626000Z,13,1,-,-,1,4,75,53
1969-07-23T15:29:14.101000Z,6,1,-,-,1,4,76,8
1969-07-23T15:29:20.139000Z,6,1,-,-,1,4,76,18
1969-07-23T15:30:33.803000Z,8,1,-,-,1,4,76,40
1969-07-23T15:30:39.841000Z,8,1,-,-,1,4,76,50
1969-07-23T15:31:43.844000Z,13,1,-,-,1,4,76,56
1969-07-23T15:32:43.620000Z,15,1,-,-,1,4,77,85
1969-07-23T19:28:42.772000Z,3,1,-,-,1,4,190,9
1969-07-23T19:29:14.170000Z,3,1,-,-,1,4,190,61
1969-07-23T19:29:54.625000Z,4,1,-,-,1,4,190,28
1969-07-23T19:35:29.735000Z,4,1,-,-,1,4,192,43
1969-07-23T20:33:33.076000Z,15,1,-,-,1,4,213,39
1969-07-23T20:35:33.232000Z,13,1,-,-,1,4,214,68
1969-07-23T20:36:13.687000Z,8,1,-,-,1,4,214,35
1969-07-23T20:36:20.329000Z,8,1,-,-,1,4,214,45
1969-07-23T20:37:13.464000Z,10,1,-,-,1,4,215,63
1969-07-23T20:38:23.505000Z,6,1,-,-,1,4,215,79
1969-07-23T20:38:45.846000Z,6,1,-,-,1,4,215,16
1969-07-23T20:39:52.868000Z,15,1,-,-,1,4,216,57
1969-07-23T20:41:18.004000Z,6,1,-,-,1,4,216,97
1969-07-23T20:42:40.725000Z,6,1,-,-,1,4,217,64
1969-07-23T20:45:23.149000Z,13,1,-,-,1,4,218,63
1969-07-24T00:41:33.815000Z,3,1,-,-,1,4,305,45
1969-07-24T00:45:43.789000Z,3,1,-,-,1,4,306,89
1969-07-24T01:05:43.550000Z,10,1,-,-,1,4,314,16
1969-07-24T01:06:27.629000Z,10,1,-,-,1,4,314,89
1969-07-24T01:43:36.877000Z,10,1,-,-,1,4,328,1
1969-07-24T01:47:37.192000Z,15,1,-,-,1,4,329,29
1969-07-24T01:51:57.432000Z,13,1,-,-,1,4,331,20
1969-07-24T01:53:36.455000Z,8,1,-,-,1,4,331,84
1969-07-24T01:53:42.495000Z,8,1,-,-,1,4,331,94
1969-07-24T01:54:56.157000Z,10,1,-,-,1,4,332,46
1969-07-24T01:56:38.805000Z,6,1,-,-,1,4,332,16
1969-07-24T01:56:40.617000Z,6,1,-,-,1,4,332,19
1969-07-24T01:58:43.792000Z,6,1,-,*,1,4,333,53
1969-07-24T01:58:45.604000Z,6,1,-,-,1,4,333,56
1969-07-24T02:00:03.494000Z,7,1,-,-,1,4,334,15
1969-07-24T02:00:06.513000Z,7,1,-,-,1,4,334,20
1969-07-24T02:01:09.310000Z,7,1,-,-,1,4,334,24
1969-07-24T02:02:07.879000Z,13,1,-,-,1,4,334,21
1969-07-24T02:03:04.033000Z,15,1,-,-,1,4,335,44
1969-07-24T04:52:33.958000Z,10,1,-,-,1,4,397,67
1969-07-24T04:53:22.866000Z,15,1,-,-,1,4,397,48
1969-07-24T04:54:57.665000Z,13,1,-,-,1,4,398,35
1969-07-24T04:58:04.850000Z,6,1,-,-,1,4,399,74
1969-07-24T04:58:10.888000Z,6,1,-,-,1,4,399,84
1969-07-24T04:59:25.753000Z,8,1,-,-,1,4,400,37
1969-07-24T04:59:29.376000Z,8,1,-,-,1,4,400,43
1969-07-24T05:00:15.870000Z,13,1,-,*,1,4,400,18
1969-07-24T05:51:54.621000Z,3,1,-,-,1,4,419,15
1969-07-24T05:52:13.339000Z,3,1,-,-,1,4,419,46
1969-07-24T08:53:34.555000Z,13,1,-,-,1,4,487,26
1969-07-24T08:54:11.991000Z,6,1,-,-,1,4,487,88
1969-07-24T08:54:40.370000Z,6,1,-,-,1,4,487,35
1969-07-24T08:56:02.488000Z,7,1,-,-,1,4,488,1
1969-07-24T08:56:26.640000Z,7,1,-,-,1,4,488,41
1969-07-24T08:57:14.945000Z,15,1,-,-,1,4,488,21
1969-07-24T08:58:49.130000Z,8,1,-,-,1,4,489,7
1969-07-24T08:58:55.168000Z,8,1,-,-,1,4,489,17
1969-07-24T08:59:33.208000Z,13,1,-,-,1,4,489,80
1969-07-24T08:59:54.945000Z,15,1,-,-,1,4,489,16
1969-07-24T13:15:03.352000Z,13,1,-,-,1,4,583,51
1969-07-24T13:16:03.733000Z,6,1,-,-,1,4,583,51
1969-07-24T13:16:28.489000Z,6,1,-,-,1,4,583,92
1969-07-24T13:17:23.436000Z,15,1,-,-,1,4,584,13
1969-07-24T13:19:19.368000Z,8,1,-,-,1,4,584,05
1969-07-24T13:19:25.406000Z,8,1,-,-,1,4,584,15
1969-07-24T13:19:38.086000Z,8,1,-,-,1,4,584,36
1969-07-24T13:19:52.577000Z,8,1,-,-,1,4,584,60
1969-07-24T13:20:53.562000Z,15,1,-,-,1,4,585,91
1969-07-24T13:22:33.191000Z,8,1,-,-,1,4,585,56
1969-07-24T13:23:37.799000Z,8,1,-,-,1,4,586,93
1969-07-24T13:24:39.991000Z,15,1,-,-,1,4,586,96
1969-07-24T13:26:33.508000Z,8,1,-,-,1,4,587,14
1969-07-24T13:26:36.527000Z,8,1,-,-,1,4,587,19
1969-07-24T13:27:29.662000Z,13,1,-,-,1,4,587,07
1969-07-24T13:28:08.910000Z,15,1,-,-,1,4,588,2
1969-02-04T09:21:19.304000Z,15,0,*,-,1,5,1,6
1969-11-19T07:46:51.744000Z,15,1,*,*,1,5,1,9
1969-07-24T14:45:18.942000Z,3,1,-,-,1,5,4,92
1969-07-24T14:46:28.374000Z,3,1,-,-,1,5,5,36
1969-07-24T14:48:38.200000Z,4,1,-,-,1,5,5,50
1969-07-24T14:54:23.572000Z,4,1,-,-,1,5,8,11
1969-07-24T16:16:00.481000Z,2,0,-,-,1,5,38,12
1969-07-24T17:23:22.986000Z,3,1,-,-,1,5,62,21
1969-07-24T17:24:28.203000Z,3,1,-,-,1,5,63,59
1969-07-25T00:13:42.832000Z,10,1,-,-,1,5,74,45
1969-07-25T03:43:12.407000Z,4,0,-,-,1,5,151,72
1969-07-25T04:09:40.436000Z,15,1,-,-,1,5,161,2
1969-07-25T04:10:31.157000Z,13,1,-,-,1,5,161,86
1969-07-25T04:11:40.595000Z,6,1,-,-,1,5,161,01
1969-07-25T04:11:46.633000Z,6,1,-,-,1,5,161,11
1969-07-25T04:12:43.996000Z,10,1,-,-,1,5,162,36
1969-07-25T04:14:03.699000Z,8,1,-,-,1,5,162,68
1969-07-25T04:14:07.322000Z,8,1,-,-,1,5,162,74
1969-07-25T04:16:46.729000Z,13,1,-,-,1,5,163,68
1969-07-25T04:17:18.127000Z,15,1,-,-,1,5,163,20
1969-07-25T12:09:33.313000Z,13,1,-,-,1,5,337,98
1969-07-25T12:11:50.380000Z,7,1,-,-,1,5,338,55
1969-07-25T12:12:31.439000Z,7,1,-,-,1,5,338,23
1969-07-25T12:13:20.952000Z,15,1,-,-,1,5,339,35
1969-07-25T12:15:13.262000Z,8,1,-,-,1,5,339,21
1969-07-25T12:15:19.300000Z,8,1,-,-,1,5,339,31
1969-07-25T12:17:27.309000Z,15,1,-,-,1,5,340,73
1969-07-25T12:17:53.273000Z,13,1,-,-,1,5,340,16
1969-07-25T13:29:25.195000Z,11,0,-,-,1,5,367,34
1969-07-25T16:55:03.019000Z,3,1,-,-,1,5,442,57
1969-07-25T16:55:28.379000Z,3,1,-,-,1,5,442,99
1969-07-25T18:26:58.243000Z,15,1,-,-,1,6,19,5
1969-07-25T18:27:38.095000Z,13,1,-,-,1,6,19,71
1969-07-25T18:28:27.608000Z,10,1,-,-,1,6,19,53
1969-07-25T18:29:43.085000Z,6,1,-,-,1,6,20,8
1969-07-25T18:29:49.123000Z,6,1,-,-,1,6,20,18
1969-07-25T18:30:38.032000Z,10,1,-,-,1,6,20,99
1969-07-25T18:32:03.170000Z,8,1,-,-,1,6,20,40
1969-07-25T18:32:09.208000Z,8,1,-,-,1,6,20,50
1969-07-25T18:32:58.117000Z,13,1,-,-,1,6,21,61
1969-07-25T18:33:13.213000Z,15,1,-,-,1,6,21,86
1969-07-25T19:33:30.075000Z,1,0,-,-,1,6,43,36
1969-07-25T20:56:52.695000Z,15,0,-,-,1,6,74,48
1969-07-26T00:34:00.050000Z,10,1,-,-,1,6,154,21
1969-07-26T00:35:40.284000Z,10,1,-,-,1,6,154,87
1969-07-26T01:41:47.362000Z,13,1,-,-,1,6,179,07
1969-07-26T01:43:23.975000Z,7,1,-,-,1,6,179,67
1969-07-26T01:44:09.255000Z,7,1,-,-,1,6,180,72
1969-07-26T01:44:58.772000Z,13,1,-,-,1,6,180,54
1969-07-26T03:43:48.641000Z,1,0,-,-,1,6,224,79
1969-07-26T04:04:56.656000Z,10,1,-,-,1,6,232,19
1969-07-26T04:06:40.521000Z,10,1,-,-,1,6,232,91
1969-07-26T04:14:32.096000Z,15,1,-,-,1,6,235,62
1969-07-26T04:15:01.686000Z,13,1,-,-,1,6,235,11
1969-07-26T04:18:02.827000Z,8,1,-,-,1,6,236,41
1969-07-26T04:18:09.470000Z,8,1,-,-,1,6,236,52
1969-07-26T04:19:17.701000Z,13,1,-,-,1,6,237,26
1969-07-26T04:19:50.914000Z,15,1,-,-,1,6,237,81
1969-07-26T07:30:37.485000Z,13,1,-,-,1,6,307,46
1969-07-26T07:31:20.961000Z,6,1,-,-,1,6,308,48
1969-07-26T07:31:46.928000Z,6,1,-,-,1,6,308,91
1969-07-26T07:32:18.932000Z,13,1,-,-,1,6,308,44
1969-07-26T08:19:27.820000Z,3,1,-,-,1,6,325,37
1969-07-26T08:20:18.535000Z,3,1,-,-,1,6,326,51
1969-07-26T11:52:29.419000Z,9,0,-,-,1,6,404,73
1969-07-26T11:55:39.622000Z,13,1,-,-,1,6,405,18
1969-07-26T11:56:44.870000Z,6,1,-,-,1,6,405,26
1969-07-26T11:57:17.476000Z,6,1,-,-,1,6,406,10
1969-07-26T11:58:38.957000Z,7,1,-,-,1,6,406,45
1969-07-26T11:59:10.390000Z,7,1,-,-,1,6,406,97
1969-07-26T11:59:28.470000Z,13,1,-,-,1,6,406,27
1969-07-26T16:03:34.689000Z,14,0,-,-,1,6,496,56
1969-07-26T18:45:33.146000Z,10,1,-,-,1,7,2,99
1969-07-26T18:46:23.263000Z,15,1,-,-,1,7,3,12
1969-07-26T18:47:33.305000Z,13,1,-,-,1,7,3,28
1969-07-26T18:49:03.274000Z,6,1,-,-,1,7,4,7
1969-07-26T18:49:09.312000Z,6,1,-,-,1,7,4,17
1969-07-26T18:50:23.582000Z,15,1,-,-,1,7,4,40
1969-07-26T18:52:12.873000Z,7,1,-,-,1,7,5,51
1969-07-26T18:53:13.255000Z,7,1,-,-,1,7,5,51
1969-07-26T18:54:13.033000Z,13,1,-,-,1,7,5,50
1969-07-26T19:18:12.534000Z,11,0,-,-,1,7,14,04
1969-07-26T19:33:32.751000Z,9,0,-,-,1,7,20,08
1969-07-26T20:46:33.449000Z,3,1,-,-,1,7,47,73
1969-07-26T20:47:03.036000Z,9,1,-,-,1,7,47,22
1969-07-26T21:53:07.703000Z,2,1,-,-,1,7,71,06
1969-07-26T21:55:06.655000Z,2,1,-,-,1,7,72,33
1969-07-26T21:56:42.059000Z,2,1,-,-,1,7,73,21
1969-07-26T21:58:06.593000Z,2,1,-,-,1,7,73,61
1969-07-26T23:48:29.872000Z,3,0,-,-,1,7,114,59
1969-07-27T02:37:59.972000Z,1,0,-,-,1,7,176,42
1969-07-27T03:02:39.320000Z,2,0,-,-,1,7,185,62
1969-07-27T04:45:56.906000Z,13,1,-,-,1,7,223,65
1969-07-27T04:46:47.024000Z,7,1,-,-,1,7,224,78
1969-07-27T04:47:17.814000Z,7,1,-,-,1,7,224,29
1969-07-27T04:48:26.653000Z,13,1,-,-,1,7,224,43
1969-07-27T13:46:57.499000Z,2,0,-,-,1,7,423,95
1969-07-27T14:52:59.158000Z,4,0,-,-,1,7,447,75
1969-07-27T15:00:35.054000Z,9,0,-,-,1,7,450,20
1969-07-27T16:46:13.311000Z,13,1,-,-,1,8,11,15
1969-07-27T16:46:48.332000Z,6,1,-,-,1,8,11,73
1969-07-27T16:47:38.449000Z,6,1,-,-,1,8,11,56
1969-07-27T16:49:33.175000Z,7,1,-,-,1,8,12,76
1969-07-27T16:50:53.483000Z,8,1,-,-,1,8,12,09
1969-07-27T16:51:33.335000Z,8,1,-,-,1,8,13,5
1969-07-27T16:53:03.304000Z,13,1,-,-,1,8,13,54
1969-07-27T16:53:53.420000Z,3,1,-,-,1,8,13,37
1969-07-27T16:54:33.272000Z,9,1,-,-,1,8,14,33
1969-07-27T20:08:45.753000Z,1,0,-,-,1,8,85,11
1969-07-27T20:38:33.053000Z,3,1,-,-,1,8,96,01
1969-07-28T00:01:35.067000Z,3,1,-,-,1,8,171,67
1969-07-28T00:17:52.043000Z,3,1,-,-,1,8,177,65
1969-07-28T01:03:20.090000Z,13,1,-,-,1,8,194,93
1969-07-28T01:03:58.131000Z,6,1,-,-,1,8,194,56
1969-07-28T01:04:33.152000Z,6,1,-,-,1,8,194,14
1969-07-28T01:05:58.894000Z,7,1,-,-,1,8,195,86
1969-07-28T01:07:13.768000Z,7,1,-,-,1,8,195,10
1969-07-28T01:08:00.866000Z,13,1,-,-,1,8,196,18
1969-07-28T04:24:12.655000Z,10,1,-,-,1,8,268,14
1969-07-28T04:25:31.373000Z,10,1,-,-,1,8,268,45
1969-07-28T08:45:13.744000Z,13,1,-,-,1,8,364,62
1969-07-28T08:45:50.995000Z,6,1,-,-,1,8,365,54
1969-07-28T08:46:20.431000Z,6,1,-,-,1,8,365,03
1969-07-28T08:47:24.111000Z,7,1,-,-,1,8,365,09
1969-07-28T08:47:55.952000Z,7,1,-,-,1,8,365,62
1969-07-28T08:48:33.800000Z,13,1,-,-,1,8,366,55
1969-07-28T08:49:38.685000Z,3,1,-,-,1,8,366,63
1969-07-28T10:42:33.982000Z,4,1,-,-,1,8,408,24
1969-07-28T10:43:50.063000Z,3,1,-,-,1,8,408,50
1969-07-28T10:50:52.735000Z,3,1,-,-,1,8,411,40
1969-07-28T11:22:47.944000Z,4,1,-,-,1,9,9,60
1969-07-28T12:44:24.158000Z,4,0,-,-,1,9,39,66
1969-07-28T13:38:26.576000Z,13,0,-,-,1,9,59,34
1969-07-28T16:13:23.335000Z,12,0,-,-,1,9,116,38
1969-07-28T16:18:52.411000Z,13,1,-,-,1,9,118,43
1969-07-28T16:21:22.760000Z,6,1,-,-,1,9,119,22
1969-07-28T16:21:57.778000Z,6,1,-,-,1,9,119,80
1969-07-28T16:23:12.646000Z,7,1,-,-,1,9,120,34
1969-07-28T16:23:42.833000Z,7,1,-,-,1,9,120,84
1969-07-28T16:25:52.649000Z,13,1,-,-,1,9,121,29
1969-07-28T16:54:17.789000Z,13,0,-,-,1,9,131,51
1969-07-28T20:44:43.273000Z,3,1,-,-,1,10,45,59
1969-07-28T20:59:26.653000Z,3,1,-,-,1,10,51,00
1969-07-28T21:01:18.359000Z,3,1,-,-,1,10,52,15
1969-07-28T21:35:08.984000Z,1,0,-,-,1,10,64,37
1969-07-28T21:39:42.511000Z,13,1,-,-,1,10,66,50
1969-07-28T21:41:29.990000Z,7,1,-,-,1,10,66,28
1969-07-28T21:42:03.200000Z,7,1,-,-,1,10,67,13
1969-07-28T21:43:36.791000Z,8,1,-,-,1,10,67,68
1969-07-28T21:44:02.755000Z,8,1,-,-,1,10,67,11
1969-07-28T21:45:49.630000Z,13,1,-,-,1,10,68,17
1969-07-29T01:51:23.348000Z,14,0,-,-,1,10,155,49
1969-07-29T03:03:05.439000Z,13,1,-,-,1,10,181,62
1969-07-29T03:05:25.524000Z,7,1,-,-,1,10,182,24
1969-07-29T03:05:51.488000Z,7,1,-,-,1,10,182,67
1969-07-29T03:07:05.757000Z,8,1,-,-,1,10,183,15
1969-07-29T03:07:35.947000Z,8,1,-,-,1,10,183,65
1969-07-29T03:09:59.655000Z,13,1,-,-,1,10,184,27
1969-07-29T08:18:31.936000Z,13,1,-,-,1,10,296,91
1969-07-29T08:21:02.285000Z,6,1,-,-,1,10,297,68
1969-07-29T08:21:31.872000Z,6,1,-,-,1,10,297,16
1969-07-29T08:22:35.272000Z,7,1,-,-,1,10,298,51
1969-07-29T08:23:03.651000Z,7,1,-,-,1,10,298,98
1969-07-29T08:24:21.542000Z,8,1,-,-,1,10,298,24
1969-07-29T08:27:05.175000Z,13,1,-,-,1,10,299,21
1969-07-29T08:32:33.648000Z,4,1,-,-,1,10,301,19
1969-07-29T09:17:56.835000Z,9,1,-,-,1,10,318,03
1969-07-29T09:19:40.087000Z,4,1,-,-,1,10,319,4
1969-07-29T10:34:27.608000Z,14,0,-,-,1,10,346,52
1969-07-29T12:28:08.725000Z,13,1,-,-,1,10,387,77
1969-07-29T12:29:58.618000Z,8,1,-,-,1,10,388,89
1969-07-29T12:30:21.563000Z,8,1,-,-,1,10,388,27
1969-07-29T12:32:35.609000Z,13,1,-,-,1,10,389,79
1969-07-29T17:20:57.902000Z,13,1,-,-,1,10,495,37
1969-07-29T17:23:28.250000Z,7,1,-,-,1,10,496,16
1969-07-29T17:23:57.233000Z,7,1,-,-,1,10,496,64
1969-07-29T17:25:13.313000Z,15,1,-,-,1,10,497,20
1969-07-29T17:27:03.206000Z,8,1,-,-,1,10,497,02
1969-07-29T17:27:08.036000Z,8,1,-,*,1,10,497,11
1969-07-29T17:28:57.930000Z,15,1,-,-,1,10,498,20
1969-07-29T17:31:08.352000Z,13,1,-,-,1,10,499,66
1969-07-29T17:37:49.282000Z,11,0,-,-,1,10,501,90
1969-07-29T19:53:53.382000Z,2,1,-,-,1,10,551,11
1969-07-29T19:56:03.201000Z,2,1,-,-,1,10,552,56
1969-07-29T19:58:13.020000Z,2,1,-,-,1,10,553,01
1969-07-29T20:00:33.103000Z,2,1,-,-,1,10,554,63
1969-07-29T20:48:04.288000Z,1,1,-,-,1,10,571,95
1969-07-29T20:48:55.008000Z,1,1,-,-,1,10,572,9
1969-07-29T20:49:28.217000Z,1,1,-,-,1,10,572,64
1969-07-29T20:52:48.682000Z,3,1,-,-,1,10,573,26
1969-07-29T20:56:25.449000Z,3,1,-,-,1,10,574,15
1969-07-29T20:57:26.434000Z,9,1,-,-,1,10,575,46
1969-07-29T22:09:20.683000Z,11,0,-,-,1,11,4,35
1969-07-30T00:05:40.675000Z,13,1,-,-,1,11,47,85
1969-07-30T00:07:44.455000Z,6,1,-,-,1,11,48,20
1969-07-30T00:08:11.626000Z,6,1,-,-,1,11,48,65
1969-07-30T00:09:42.801000Z,15,1,-,-,1,11,48,16
1969-07-30T00:11:22.429000Z,8,1,-,-,1,11,49,11
1969-07-30T00:11:29.071000Z,8,1,-,-,1,11,49,22
1969-07-30T00:15:43.274000Z,15,1,-,-,1,11,50,70
1969-07-30T00:17:13.845000Z,13,1,-,-,1,11,51,50
1969-07-30T02:06:42.637000Z,8,0,-,-,1,11,91,25
1969-07-30T03:46:07.724000Z,10,0,-,-,1,11,128,10
1969-07-30T07:06:30.107000Z,13,1,-,-,1,11,196,20
1969-07-30T07:06:51.241000Z,7,1,-,-,1,11,196,55
1969-07-30T07:07:09.355000Z,7,1,-,-,1,11,197,15
1969-07-30T07:07:37.734000Z,15,1,-,-,1,11,197,62
1969-07-30T07:08:50.794000Z,8,1,-,-,1,11,197,83
1969-07-30T07:08:56.832000Z,8,1,-,-,1,11,197,93
1969-07-30T07:09:56.005000Z,8,1,-,-,1,11,198,21
1969-07-30T07:09:58.420000Z,8,1,-,-,1,11,198,25
1969-07-30T07:10:38.875000Z,13,1,-,-,1,11,198,92
1969-07-30T07:13:15.865000Z,15,1,-,-,1,11,199,82
1969-07-30T07:56:46.636000Z,4,1,-,-,1,11,215,48
1969-07-30T07:58:48.604000Z,3,1,-,-,1,11,216,80
1969-07-30T08:01:00.837000Z,3,1,-,-,1,11,217,29
1969-07-30T08:01:34.650000Z,3,1,-,-,1,11,217,85
1969-07-30T08:41:00.355000Z,9,1,-,-,1,11,231,23
1969-07-30T08:41:28.130000Z,4,1,-,-,1,11,231,69
1969-07-30T09:08:17.871000Z,3,0,-,-,1,11,241,35
1969-07-30T12:21:19.422000Z,13,0,-,-,1,11,312,46
1969-07-30T15:31:03.517000Z,13,1,-,-,1,11,382,45
1969-07-30T15:31:38.537000Z,15,1,-,-,1,11,383,33
1969-07-30T15:33:23.601000Z,8,1,-,-,1,11,383,07
1969-07-30T15:33:30.241000Z,8,1,-,-,1,11,383,18
1969-07-30T15:34:39.075000Z,8,1,-,-,1,11,384,62
1969-07-30T15:35:21.341000Z,15,1,-,-,1,11,384,32
1969-07-30T15:38:03.763000Z,8,1,-,-,1,11,385,31
1969-07-30T15:40:59.471000Z,13,1,-,-,1,11,386,52
1969-07-30T16:11:52.537000Z,3,1,-,-,1,11,397,51
1969-07-30T16:13:09.220000Z,3,1,-,-,1,11,398,08
1969-07-30T16:25:28.272000Z,3,1,-,-,1,11,402,52
1969-07-30T16:26:57.636000Z,3,1,-,-,1,11,403,30
1969-07-30T16:29:03.226000Z,3,1,-,-,1,11,404,68
1969-07-30T16:30:13.267000Z,3,1,-,-,1,11,404,84
1969-07-30T16:31:43.234000Z,3,1,-,-,1,11,405,63
1969-07-30T16:32:53.274000Z,3,1,-,-,1,11,405,79
1969-07-30T18:51:13.119000Z,3,1,-,-,1,11,456,52
1969-07-30T18:57:48.608000Z,3,1,-,-,1,11,458,67
1969-07-30T19:25:04.303000Z,2,0,-,-,1,11,469,6
1969-07-30T19:41:23.062000Z,13,1,-,-,1,11,475,7
1969-07-30T19:42:13.177000Z,15,1,-,-,1,11,475,90
1969-07-30T19:44:33.259000Z,8,1,-,-,1,11,476,52
1969-07-30T19:44:41.108000Z,8,1,-,-,1,11,476,65
1969-07-30T19:45:43.301000Z,15,1,-,-,1,11,476,68
1969-07-30T19:48:03.382000Z,13,1,-,-,1,11,477,30
1969-07-30T21:07:40.041000Z,3,1,-,-,1,11,506,11
1969-07-30T21:08:48.270000Z,9,1,-,-,1,11,507,54
1969-07-31T00:35:46.477000Z,6,0,-,-,1,12,36,32
1969-07-31T02:03:48.565000Z,5,0,-,-,1,12,69,53
1969-07-31T03:17:38.098000Z,13,1,-,-,1,12,96,88
1969-07-31T03:20:07.921000Z,6,1,-,-,1,12,97,66
1969-07-31T03:20:41.752000Z,6,1,-,-,1,12,97,22
1969-07-31T03:21:34.923000Z,15,1,-,-,1,12,97,10
1969-07-31T03:23:44.218000Z,8,1,-,-,1,12,98,54
1969-07-31T03:23:52.073000Z,8,1,-,-,1,12,98,66
1969-07-31T03:24:54.297000Z,15,1,-,-,1,12,98,69
1969-07-31T03:27:17.490000Z,13,1,-,-,1,12,99,36
1969-07-31T03:47:43.648000Z,8,0,-,-,1,12,107,04
1969-07-31T03:56:05.592000Z,11,0,-,-,1,12,110,24
1969-07-31T05:35:36.411000Z,13,1,-,-,1,12,147,7
1969-07-31T05:37:10.135000Z,6,1,-,-,1,12,147,62
1969-07-31T05:37:52.467000Z,6,1,-,-,1,12,147,32
1969-07-31T05:39:22.561000Z,13,1,-,-,1,12,148,11
1969-07-31T06:04:38.143000Z,3,1,-,-,1,12,157,88
1969-07-31T06:05:57.341000Z,4,1,-,-,1,12,158,49
1969-07-31T06:36:00.491000Z,3,1,-,-,1,12,169,62
1969-07-31T06:36:58.524000Z,4,1,-,-,1,12,169,58
1969-07-31T07:01:23.472000Z,13,1,-,-,1,12,178,71
1969-07-31T07:02:31.097000Z,6,1,-,-,1,12,179,13
1969-07-31T07:03:10.344000Z,6,1,-,-,1,12,179,78
1969-07-31T07:03:53.213000Z,13,1,-,-,1,12,179,49
1969-07-31T08:45:20.237000Z,9,1,-,-,1,12,213,17
1969-07-31T08:45:49.256000Z,3,1,-,-,1,12,213,65
1969-07-31T08:47:49.564000Z,13,1,-,-,1,12,213,64
1969-07-31T08:48:40.349000Z,7,1,-,-,1,12,214,78
1969-07-31T08:49:28.709000Z,7,1,-,-,1,12,214,58
1969-07-31T08:53:50.458000Z,10,1,-,-,1,12,216,51
1969-07-31T08:56:04.045000Z,6,1,-,-,1,12,217,2
1969-07-31T08:56:08.880000Z,6,1,-,-,1,12,217,10
1969-07-31T08:57:24.439000Z,15,1,-,-,1,12,217,35
1969-07-31T08:59:31.979000Z,13,1,-,-,1,12,218,76
1969-07-31T11:15:27.770000Z,13,1,-,-,1,12,268,59
1969-07-31T11:16:27.001000Z,15,1,-,-,1,12,268,57
1969-07-31T11:18:13.370000Z,6,1,-,-,1,12,269,63
1969-07-31T11:18:16.995000Z,6,1,-,-,1,12,269,69
1969-07-31T11:19:33.149000Z,6,1,-,-,1,12,269,95
1969-07-31T11:19:36.171000Z,6,1,-,-,1,12,269,00
1969-07-31T11:21:06.224000Z,10,1,-,-,1,12,270,79
1969-07-31T11:24:13.566000Z,8,1,-,-,1,12,271,19
1969-07-31T11:24:18.402000Z,8,1,-,-,1,12,271,27
1969-07-31T11:25:23.678000Z,8,1,-,-,1,12,271,35
1969-07-31T11:25:25.491000Z,8,1,-,-,1,12,271,38
1969-07-31T11:26:17.469000Z,15,1,-,-,1,12,272,54
1969-07-31T11:26:40.435000Z,13,1,-,-,1,12,272,92
1969-07-31T15:03:46.096000Z,13,1,-,-,1,12,352,78
1969-07-31T15:04:21.149000Z,15,1,-,-,1,12,352,36
1969-07-31T15:05:40.919000Z,8,1,-,-,1,12,352,68
1969-07-31T15:05:45.150000Z,8,1,-,-,1,12,353,5
1969-07-31T15:06:40.752000Z,10,1,-,-,1,12,353,97
1969-07-31T15:07:50.863000Z,6,1,-,-,1,12,353,13
1969-07-31T15:07:57.512000Z,6,1,-,-,1,12,353,24
1969-07-31T15:09:31.191000Z,15,1,-,-,1,12,354,09
1969-07-31T15:11:06.085000Z,7,1,-,-,1,12,354,66
1969-07-31T15:11:45.976000Z,7,1,-,-,1,12,355,62
1969-07-31T15:12:16.197000Z,13,1,-,-,1,12,355,12
1969-07-31T17:12:38.376000Z,3,1,-,-,1,12,399,52
1969-07-31T17:23:23.421000Z,3,1,-,-,1,12,403,40
1969-07-31T18:59:24.078000Z,13,1,-,-,1,12,439,60
1969-07-31T19:00:04.532000Z,15,1,-,-,1,12,439,27
1969-07-31T19:01:19.403000Z,6,1,-,-,1,12,439,51
1969-07-31T19:01:28.460000Z,6,1,-,-,1,12,439,66
1969-07-31T19:02:49.369000Z,7,1,-,-,1,12,440,30
1969-07-31T19:02:55.407000Z,7,1,-,-,1,12,440,40
1969-07-31T19:04:09.071000Z,15,1,-,-,1,12,440,62
1969-07-31T19:05:29.376000Z,13,1,-,-,1,12,441,25
1969-07-31T19:15:09.630000Z,4,1,-,-,1,12,445,6
1969-07-31T19:16:49.257000Z,13,1,-,-,1,12,445,71
1969-07-31T19:18:14.393000Z,7,1,-,-,1,12,446,42
1969-07-31T19:19:04.508000Z,7,1,-,-,1,12,446,25
1969-07-31T19:20:39.305000Z,13,1,-,-,1,12,447,12
1969-07-31T19:25:44.223000Z,3,1,-,-,1,12,448,47
1969-07-31T19:26:34.339000Z,3,1,-,-,1,12,449,60
1969-07-31T19:27:29.284000Z,4,1,-,-,1,12,449,51
1969-07-31T21:12:49.937000Z,9,1,-,-,1,12,488,58
1969-07-31T21:14:47.678000Z,3,1,-,-,1,12,488,53
1969-07-31T22:20:35.915000Z,13,1,-,-,1,12,513,42
1969-07-31T22:21:21.803000Z,7,1,-,-,1,12,513,18
1969-07-31T22:21:59.239000Z,7,1,-,-,1,12,513,80
1969-07-31T22:22:29.429000Z,15,1,-,-,1,12,513,30
1969-07-31T22:24:06.641000Z,6,1,-,-,1,12,514,21
1969-07-31T22:24:12.679000Z,6,1,-,-,1,12,514,31
1969-07-31T22:24:59.776000Z,10,1,-,-,1,12,514,09
1969-07-31T22:26:44.234000Z,8,1,-,-,1,12,515,12
1969-07-31T22:26:51.479000Z,8,1,-,-,1,12,515,24
1969-07-31T22:27:26.499000Z,15,1,-,-,1,12,515,82
1969-07-31T22:27:47.632000Z,13,1,-,-,1,12,515,17
1969-08-01T03:12:48.942000Z,15,0,-,-,1,13,77,35
1969-08-01T03:21:05.576000Z,15,0,-,-,1,13,80,53
1969-08-01T03:52:03.647000Z,4,1,-,-,1,13,91,81
1969-08-01T03:53:03.622000Z,3,1,-,-,1,13,92,11
1969-08-01T03:55:46.159000Z,13,1,-,-,1,13,93,12
1969-08-01T03:56:17.944000Z,7,1,-,-,1,13,93,65
1969-08-01T03:56:42.533000Z,7,1,-,-,1,13,93,06
1969-08-01T03:57:17.319000Z,15,1,-,-,1,13,93,64
1969-08-01T03:57:49.108000Z,10,1,-,-,1,13,93,17
1969-08-01T03:59:39.466000Z,6,1,-,-,1,13,94,31
1969-08-01T03:59:45.464000Z,6,1,-,-,1,13,94,41
1969-08-01T04:00:59.836000Z,10,1,-,-,1,13,94,65
1969-08-01T04:02:13.614000Z,8,1,-,-,1,13,95,18
1969-08-01T04:02:17.812000Z,8,1,-,-,1,13,95,25
1969-08-01T04:03:18.994000Z,15,1,-,-,1,13,95,27
1969-08-01T04:03:39.388000Z,13,1,-,-,1,13,95,61
1969-08-01T04:12:43.309000Z,4,1,-,-,1,13,99,88
1969-08-01T04:19:54.522000Z,3,1,-,-,1,13,101,67
1969-08-01T05:16:37.854000Z,11,0,-,-,1,13,123,1
1969-08-01T06:36:29.870000Z,2,0,-,-,1,13,152,57
1969-08-01T07:29:54.753000Z,5,0,-,-,1,13,172,00
1969-08-01T07:52:52.522000Z,4,1,-,-,1,13,180,63
1969-08-01T07:55:31.893000Z,4,1,-,-,1,13,181,50
1969-08-01T07:59:31.658000Z,13,1,-,-,1,13,182,66
1969-08-01T08:00:30.078000Z,7,1,-,-,1,13,182,60
1969-08-01T08:01:06.160000Z,7,1,-,-,1,13,183,48
1969-08-01T08:01:32.291000Z,13,1,-,-,1,13,183,89
1969-08-01T08:54:49.799000Z,3,1,-,-,1,13,202,01
1969-08-01T08:56:02.946000Z,9,1,-,-,1,13,202,19
1969-08-01T11:31:24.769000Z,7,1,-,-,1,13,260,77
1969-08-01T11:32:03.220000Z,7,1,-,-,1,13,260,41
1969-08-01T11:33:22.519000Z,15,1,-,-,1,13,261,3
1969-08-01T11:34:57.438000Z,8,1,-,-,1,13,261,61
1969-08-01T11:35:02.244000Z,8,1,-,-,1,13,261,69
1969-08-01T11:35:59.917000Z,10,1,-,-,1,13,261,65
1969-08-01T11:37:06.601000Z,6,1,-,-,1,13,262,06
1969-08-01T11:37:10.806000Z,6,1,-,-,1,13,262,13
1969-08-01T11:38:16.287000Z,6,1,-,-,1,13,262,22
1969-08-01T11:38:18.690000Z,6,1,-,-,1,13,262,26
1969-08-01T11:39:16.366000Z,15,1,-,-,1,13,263,52
1969-08-01T11:39:37.993000Z,13,1,-,-,1,13,263,88
1969-08-01T14:59:56.196000Z,3,1,-,-,1,13,337,11
1969-08-01T15:12:22.590000Z,3,1,-,-,1,13,342,3
1969-08-01T16:29:13.086000Z,13,1,-,-,1,13,370,56
1969-08-01T16:29:58.370000Z,15,1,-,-,1,13,370,31
1969-08-01T16:32:13.014000Z,6,1,-,-,1,13,371,84
1969-08-01T16:32:18.448000Z,6,1,-,-,1,13,371,93
1969-08-01T16:33:43.584000Z,7,1,-,-,1,13,372,64
1969-08-01T16:33:50.225000Z,7,1,-,-,1,13,372,75
1969-08-01T16:34:53.017000Z,10,1,-,-,1,13,372,77
1969-08-01T16:36:53.171000Z,8,1,-,-,1,13,373,06
1969-08-01T16:37:33.626000Z,15,1,-,-,1,13,373,73
1969-08-01T16:40:13.627000Z,8,1,-,-,1,13,374,66
1969-08-01T16:41:58.082000Z,12,1,-,-,1,13,375,67
1969-08-01T16:42:18.007000Z,12,1,-,-,1,13,375,00
1969-08-01T16:42:43.367000Z,12,1,-,-,1,13,375,42
1969-08-01T16:43:08.121000Z,13,1,-,-,1,13,375,83
1969-08-01T16:48:03.372000Z,4,1,-,-,1,13,377,32
1969-08-01T16:49:33.941000Z,7,1,-,-,1,13,378,12
1969-08-01T16:51:18.394000Z,13,1,-,-,1,13,378,85
1969-08-01T16:53:48.738000Z,7,1,-,-,1,13,379,60
1969-08-01T16:54:38.248000Z,13,1,-,-,1,13,379,40
1969-08-01T17:10:33.436000Z,4,1,-,-,1,13,385,02
1969-08-01T19:51:33.369000Z,13,1,-,-,1,13,444,73
1969-08-01T19:52:13.216000Z,15,1,-,-,1,13,444,39
1969-08-01T19:53:43.180000Z,10,1,-,-,1,13,445,18
1969-08-01T19:54:53.219000Z,7,1,-,-,1,13,445,34
1969-08-01T19:55:01.673000Z,7,1,-,-,1,13,445,48
1969-08-01T19:57:13.296000Z,10,1,-,-,1,13,446,96
1969-08-01T19:58:43.260000Z,8,1,-,-,1,13,446,45
1969-08-01T19:58:48.090000Z,8,1,-,-,1,13,446,53
1969-08-01T19:59:48.469000Z,15,1,-,-,1,13,447,83
1969-08-01T20:00:18.054000Z,13,1,-,-,1,13,447,32
1969-08-01T21:13:40.227000Z,9,1,-,-,1,13,474,33
1969-08-01T21:14:12.831000Z,3,1,-,-,1,13,474,87
1969-08-01T22:48:44.145000Z,13,1,-,-,1,13,577,43
1969-08-01T22:49:58.410000Z,10,1,-,-,1,13,577,66
1969-08-01T22:50:36.448000Z,15,1,-,-,1,13,577,29
1969-08-01T22:52:37.204000Z,6,1,-,-,1,13,578,59
1969-08-01T22:52:43.242000Z,6,1,-,-,1,13,578,69
1969-08-01T22:54:16.224000Z,15,1,-,-,1,13,579,47
1969-08-01T22:55:01.508000Z,10,1,-,-,1,13,579,22
1969-08-01T22:57:37.283000Z,12,1,-,-,1,13,580,10
1969-08-01T22:59:39.246000Z,12,1,-,-,1,13,581,42
1969-08-01T23:02:17.439000Z,12,1,-,-,1,13,582,30
1969-08-01T23:04:35.099000Z,13,1,-,-,1,13,582,58
1969-08-02T00:24:50.841000Z,13,1,-,-,1,14,11,85
1969-08-02T00:25:52.426000Z,8,1,-,-,1,14,11,87
1969-08-02T00:26:33.483000Z,8,1,-,-,1,14,11,55
1969-08-02T00:28:03.446000Z,13,1,-,-,1,14,12,34
1969-08-02T01:05:07.158000Z,4,1,-,-,1,14,26,37
1969-08-02T01:29:17.431000Z,4,1,-,-,1,14,35,7
1969-08-02T01:31:00.677000Z,3,1,-,-,1,14,35,78
1969-08-02T01:37:54.264000Z,3,1,-,-,1,14,38,53
1969-08-02T03:42:30.221000Z,13,1,-,-,1,14,84,15
1969-08-02T03:43:23.957000Z,10,1,-,-,1,14,84,04
1969-08-02T03:44:06.825000Z,15,1,-,-,1,14,84,75
1969-08-02T03:45:58.524000Z,6,1,-,-,1,14,85,90
1969-08-02T03:46:03.958000Z,6,1,-,-,1,14,85,99
1969-08-02T03:48:00.487000Z,7,1,-,-,1,14,86,22
1969-08-02T03:48:06.524000Z,7,1,-,-,1,14,86,32
1969-08-02T03:50:39.280000Z,15,1,-,-,1,14,87,15
1969-08-02T03:51:19.129000Z,10,1,-,-,1,14,87,81
1969-08-02T03:53:07.205000Z,13,1,-,-,1,14,87,60
1969-08-02T08:47:07.464000Z,3,1,-,-,1,14,193,86
1969-08-02T08:47:46.282000Z,9,1,-,-,1,14,193,50
1969-08-02T09:10:01.281000Z,5,0,-,-,1,14,201,90
1969-08-02T13:17:54.754000Z,3,1,-,-,1,14,287,89
1969-08-02T13:18:34.784000Z,3,1,-,-,1,14,287,55
1969-08-02T13:43:27.262000Z,4,0,-,-,1,14,297,16
1969-08-02T20:26:02.267000Z,13,1,-,-,1,14,445,33
1969-08-02T20:26:27.022000Z,15,1,-,-,1,14,445,74
1969-08-02T20:26:52.380000Z,10,1,-,-,1,14,445,16
1969-08-02T20:28:07.247000Z,6,1,-,-,1,14,445,40
1969-08-02T20:28:12.077000Z,6,1,-,-,1,14,445,48
1969-08-02T20:29:11.849000Z,8,1,-,-,1,14,446,77
1969-08-02T20:29:14.265000Z,8,1,-,-,1,14,446,81
1969-08-02T20:29:26.944000Z,15,1,-,-,1,14,446,02
1969-08-02T20:30:21.886000Z,13,1,-,-,1,14,446,93
1969-08-02T20:37:02.184000Z,3,1,-,-,1,14,449,46
1969-08-02T20:37:57.127000Z,9,1,-,-,1,14,449,37
1969-08-02T22:47:39.135000Z,4,1,-,-,1,14,497,66
1969-08-02T23:26:15.187000Z,4,1,-,-,1,14,511,12
1969-08-02T23:27:22.208000Z,3,1,-,-,1,14,511,23
1969-08-02T23:45:59.826000Z,3,1,-,-,1,15,5,44
1969-08-03T02:30:54.892000Z,13,1,-,-,1,15,66,63
1969-08-03T02:31:22.062000Z,6,1,-,-,1,15,66,08
1969-08-03T02:31:45.005000Z,6,1,-,-,1,15,66,46
1969-08-03T02:32:32.702000Z,8,1,-,-,1,15,67,55
1969-08-03T02:32:59.268000Z,8,1,-,-,1,15,67,99
1969-08-03T02:33:16.777000Z,13,1,-,-,1,15,67,28
1969-08-03T04:49:47.420000Z,13,1,-,-,1,15,117,94
1969-08-03T04:50:09.760000Z,10,1,-,-,1,15,117,31
1969-08-03T04:50:32.703000Z,15,1,-,-,1,15,117,69
1969-08-03T04:51:55.418000Z,6,1,-,-,1,15,118,36
1969-08-03T04:52:01.456000Z,6,1,-,-,1,15,118,46
1969-08-03T04:52:38.285000Z,10,1,-,-,1,15,118,07
1969-08-03T04:54:05.227000Z,8,1,-,-,1,15,119,81
1969-08-03T04:54:09.454000Z,8,1,-,-,1,15,119,88
1969-08-03T04:54:38.434000Z,15,1,-,-,1,15,119,36
1969-08-03T04:54:52.321000Z,13,1,-,-,1,15,119,59
1969-08-03T06:17:07.473000Z,4,1,-,-,1,15,149,31
1969-08-03T06:18:16.905000Z,3,1,-,-,1,15,150,76
1969-08-03T06:18:42.263000Z,3,1,-,-,1,15,150,18
1969-08-03T06:39:12.129000Z,3,1,-,-,1,15,157,65
1969-08-03T06:39:37.487000Z,9,1,-,-,1,15,158,37
1969-08-03T08:41:55.134000Z,9,1,-,-,1,15,203,20
1969-08-03T08:42:33.171000Z,3,1,-,-,1,15,203,83
1969-08-03T09:06:34.953000Z,10,1,-,-,1,15,212,41
1969-08-03T09:06:54.273000Z,15,1,-,-,1,15,212,73
1969-08-03T09:08:03.102000Z,13,1,-,-,1,15,212,87
1969-08-03T09:08:42.346000Z,6,1,-,-,1,15,212,52
1969-08-03T09:08:47.177000Z,6,1,-,-,1,15,212,60
1969-08-03T09:09:20.383000Z,13,1,-,-,1,15,213,45
1969-08-03T09:09:52.987000Z,15,1,-,-,1,15,213,99
1969-08-03T10:01:18.810000Z,3,1,-,-,1,15,232,80
1969-08-03T10:08:09.972000Z,3,1,-,-,1,15,234,21
1969-08-03T11:13:56.155000Z,13,1,-,-,1,15,259,7
1969-08-03T11:14:16.683000Z,6,1,-,-,1,15,259,41
1969-08-03T11:16:11.397000Z,13,1,-,-,1,15,259,31
1969-08-03T11:28:13.496000Z,12,1,-,-,1,15,264,77
1969-08-19T06:21:04.166000Z,5,1,-,-,1,16,1,23
1969-08-19T06:23:07.936000Z,3,1,-,-,1,16,2,58
1969-08-19T06:23:45.368000Z,3,1,-,-,1,16,2,20
1969-08-19T06:36:37.570000Z,12,1,-,-,1,16,7,49
1969-08-19T06:38:22.019000Z,12,1,-,-,1,16,8,52
1969-08-19T06:40:14.318000Z,4,1,-,-,1,16,8,38
1969-08-19T06:41:06.241000Z,4,1,-,-,1,16,9,54
1969-08-19T06:43:12.425000Z,3,1,-,-,1,16,9,63
1969-08-19T08:16:30.442000Z,9,1,-,-,1,16,44,67
1969-08-19T09:56:16.084000Z,3,1,-,-,1,16,81,20
1969-08-19T10:00:27.248000Z,3,1,-,-,1,16,82,66
1969-08-19T10:30:56.634000Z,11,0,-,-,1,16,93,26
1969-08-19T11:15:02.303000Z,6,1,-,-,1,16,110,14
1969-08-19T11:18:11.883000Z,7,1,-,-,1,16,111,58
1969-08-19T11:23:11.951000Z,5,1,-,-,1,16,113,15
1969-08-19T11:26:10.060000Z,12,1,-,-,1,16,114,40
1969-08-19T11:27:59.944000Z,6,1,-,-,1,16,114,22
1969-08-19T12:58:06.305000Z,6,1,-,-,1,16,148,21
1969-08-19T12:59:05.473000Z,7,1,-,-,1,16,148,19
1969-08-19T13:00:16.717000Z,7,1,-,-,1,16,148,36
1969-08-19T13:01:57.544000Z,8,1,-,-,1,16,149,33
1969-08-19T13:04:29.692000Z,8,1,-,-,1,16,150,13
1969-08-19T13:05:25.237000Z,13,1,-,-,1,16,150,05
1969-08-19T13:09:29.156000Z,4,1,-,-,1,16,152,69
1969-08-19T13:14:23.790000Z,4,1,-,-,1,16,154,17
1969-08-19T13:17:56.313000Z,4,1,-,-,1,16,155,99
1969-08-19T13:21:37.289000Z,4,1,-,-,1,16,156,95
1969-08-19T13:33:13.423000Z,15,1,-,-,1,16,160,66
1969-08-19T13:34:34.931000Z,13,1,-,-,1,16,161,31
1969-08-19T13:35:38.929000Z,6,1,-,-,1,16,161,37
1969-08-19T13:35:46.174000Z,6,1,-,-,1,16,161,49
1969-08-19T13:36:48.965000Z,8,1,-,-,1,16,162,83
1969-08-19T13:36:56.210000Z,8,1,-,-,1,16,162,95
1969-08-19T13:37:23.983000Z,13,1,-,-,1,16,162,41
1969-08-19T13:39:56.734000Z,15,1,-,-,1,16,163,24
1969-08-19T13:40:44.431000Z,1,1,-,-,1,16,163,03
1969-08-19T13:41:49.033000Z,2,1,-,-,1,16,164,39
1969-08-19T13:44:45.331000Z,4,1,-,-,1,16,165,60
1969-08-19T13:46:50.309000Z,4,1,-,-,1,16,165,67
1969-08-19T14:12:38.952000Z,1,1,-,-,1,16,175,31
1969-08-19T14:13:35.705000Z,4,1,-,-,1,16,175,24
1969-08-19T14:17:50.492000Z,4,1,-,-,1,16,177,06
1969-08-19T14:29:25.419000Z,3,1,-,-,1,16,181,75
1969-08-19T14:47:47.885000Z,3,1,-,-,1,16,188,10
1969-08-19T14:55:44.856000Z,12,1,-,-,1,16,191,90
1969-08-19T14:58:06.135000Z,12,1,-,-,1,16,192,54
1969-08-19T16:09:57.591000Z,13,1,-,-,1,16,218,97
1969-08-19T16:10:41.665000Z,6,1,-,-,1,16,218,70
1969-08-19T16:11:16.080000Z,6,1,-,-,1,16,219,57
1969-08-19T16:12:34.569000Z,15,1,-,-,1,16,219,87
1969-08-19T16:14:20.831000Z,8,1,-,-,1,16,220,93
1969-08-19T16:14:26.868000Z,8,1,-,-,1,16,220,03
1969-08-19T16:15:38.112000Z,8,1,-,-,1,16,220,21
1969-08-19T16:15:41.131000Z,8,1,-,-,1,16,220,26
1969-08-19T16:16:36.677000Z,13,1,-,-,1,16,221,48
1969-08-19T16:17:17.733000Z,15,1,-,-,1,16,221,16
1969-08-19T17:35:03.605000Z,1,1,-,-,1,16,250,6
1969-08-19T17:35:33.189000Z,1,1,-,-,1,16,250,55
1969-08-19T17:35:53.113000Z,1,1,-,-,1,16,250,88
1969-08-19T18:19:31.029000Z,13,1,-,-,1,16,266,03
1969-08-19T18:20:09.670000Z,7,1,-,-,1,16,266,67
1969-08-19T18:20:39.858000Z,7,1,-,-,1,16,266,17
1969-08-19T18:22:11.631000Z,15,1,-,-,1,16,267,98
1969-08-19T18:23:41.591000Z,8,1,-,-,1,16,267,47
1969-08-19T18:23:48.836000Z,8,1,-,-,1,16,267,59
1969-08-19T18:24:55.854000Z,13,1,-,-,1,16,268,00
1969-08-19T18:25:26.646000Z,15,1,-,-,1,16,268,51
1969-08-19T18:44:01.194000Z,1,1,-,-,1,16,275,07
1969-08-19T19:47:30.349000Z,15,1,-,-,1,16,298,53
1969-08-19T19:48:57.906000Z,13,1,-,-,1,16,299,81
1969-08-19T19:49:40.773000Z,8,1,-,-,1,16,299,52
1969-08-19T19:49:45.603000Z,8,1,-,-,1,16,299,60
1969-08-19T19:50:44.772000Z,8,1,-,-,1,16,300,88
1969-08-19T19:50:47.791000Z,8,1,-,-,1,16,300,93
1969-08-19T19:51:18.583000Z,13,1,-,-,1,16,300,44
1969-08-19T19:51:48.771000Z,15,1,-,-,1,16,300,94
1969-08-19T21:58:18.097000Z,12,1,-,-,1,16,347,74
1969-08-19T21:59:02.775000Z,12,1,-,-,1,16,347,48
1969-08-19T22:00:47.831000Z,12,1,-,-,1,16,348,52
1969-08-19T22:02:02.698000Z,12,1,-,-,1,16,348,76
1969-08-19T22:04:37.866000Z,13,1,-,-,1,16,349,63
1969-08-19T22:05:22.544000Z,6,1,-,-,1,16,349,37
1969-08-19T22:05:53.337000Z,6,1,-,-,1,16,350,18
1969-08-19T22:06:27.751000Z,7,1,-,-,1,16,350,75
1969-08-19T22:06:53.109000Z,7,1,-,-,1,16,350,17
1969-08-19T22:07:32.958000Z,15,1,-,-,1,16,350,83
1969-08-19T22:09:53.032000Z,8,1,-,-,1,16,351,45
1969-08-19T22:10:00.277000Z,8,1,-,-,1,16,351,57
1969-08-19T22:10:28.050000Z,15,1,-,-,1,16,351,03
1969-08-19T22:11:07.900000Z,13,1,-,-,1,16,351,69
1969-08-20T00:30:12.578000Z,8,0,-,-,1,16,403,49
1969-08-20T00:42:52.724000Z,15,1,-,-,1,16,407,28
1969-08-20T00:43:22.912000Z,13,1,-,-,1,16,408,8
1969-08-20T00:44:23.289000Z,8,1,-,-,1,16,408,08
1969-08-20T00:44:29.931000Z,8,1,-,-,1,16,408,19
1969-08-20T00:44:40.799000Z,15,1,-,-,1,16,408,37
1969-08-20T00:45:12.798000Z,13,1,-,-,1,16,408,90
1969-08-20T02:49:43.262000Z,3,1,-,-,1,16,454,62
1969-08-20T02:50:33.375000Z,4,1,-,-,1,16,455,75
1969-08-20T03:22:32.763000Z,4,1,-,-,1,16,467,54
1969-08-20T03:23:33.140000Z,3,1,-,-,1,16,467,54
1969-08-20T03:48:52.840000Z,15,1,-,-,1,16,476,35
1969-08-20T03:49:33.297000Z,13,1,-,-,1,16,477,96
1969-08-20T03:54:23.711000Z,8,1,-,-,1,16,479,37
1969-08-20T03:54:30.353000Z,8,1,-,-,1,16,479,48
1969-08-20T03:54:50.277000Z,15,1,-,-,1,16,479,81
1969-08-20T03:55:13.221000Z,13,1,-,-,1,16,479,19
1969-08-20T04:14:41.521000Z,10,0,-,-,1,16,486,47
1969-08-20T06:54:42.146000Z,13,1,-,-,1,16,544,53
1969-08-20T06:55:39.505000Z,7,1,-,-,1,16,545,78
1969-08-20T06:56:12.109000Z,7,1,-,-,1,16,545,32
1969-08-20T06:56:40.486000Z,13,1,-,-,1,16,545,79
1969-08-20T07:18:30.079000Z,13,1,-,-,1,16,553,88
1969-08-20T07:19:04.494000Z,15,1,-,-,1,16,553,45
1969-08-20T07:20:20.571000Z,8,1,-,-,1,16,554,01
1969-08-20T07:20:26.005000Z,8,1,-,-,1,16,554,10
1969-08-20T07:21:10.684000Z,15,1,-,-,1,16,554,84
1969-08-20T07:21:25.175000Z,13,1,-,-,1,16,554,08
1969-08-20T08:13:58.103000Z,10,0,-,-,1,16,574,21
1969-08-20T11:26:16.351000Z,13,1,-,-,1,16,645,70
1969-08-20T11:27:06.465000Z,7,1,-,-,1,16,645,53
1969-08-20T11:27:35.447000Z,7,1,-,-,1,16,645,01
1969-08-20T11:28:01.410000Z,13,1,-,-,1,16,645,44
1969-08-20T13:00:05.426000Z,3,1,-,-,1,17,27,94
1969-08-20T13:25:33.010000Z,3,1,-,-,1,17,37,40
1969-08-20T15:46:44.124000Z,13,1,-,-,1,17,89,30
1969-08-20T15:47:33.031000Z,6,1,-,-,1,17,89,11
1969-08-20T15:48:05.636000Z,6,1,-,-,1,17,89,65
1969-08-20T15:53:58.851000Z,7,1,-,-,1,17,91,10
1969-08-20T15:54:39.909000Z,7,1,-,-,1,17,92,8
1969-08-20T15:56:11.081000Z,15,1,-,-,1,17,92,59
1969-08-20T15:58:03.385000Z,8,1,-,-,1,17,93,75
1969-08-20T15:58:10.027000Z,8,1,-,-,1,17,93,86
1969-08-20T15:59:04.971000Z,15,1,-,-,1,17,93,77
1969-08-20T15:59:47.236000Z,13,1,-,-,1,17,93,47
1969-08-20T16:38:33.027000Z,15,1,-,-,1,17,108,49
1969-08-20T16:38:58.990000Z,13,1,-,-,1,17,108,92
1969-08-20T16:40:02.991000Z,6,1,-,-,1,17,108,98
1969-08-20T16:40:10.237000Z,6,1,-,-,1,17,108,10
1969-08-20T16:41:26.314000Z,15,1,-,-,1,17,109,66
1969-08-20T16:44:00.280000Z,8,1,-,-,1,17,110,51
1969-08-20T16:44:41.941000Z,8,1,-,-,1,17,110,20
1969-08-20T16:45:13.338000Z,13,1,-,-,1,17,110,72
1969-08-20T18:15:52.267000Z,5,1,-,-,1,17,143,70
1969-08-20T18:15:54.682000Z,5,1,-,-,1,17,144,4
1969-08-20T18:16:59.288000Z,5,1,-,-,1,17,144,11
1969-08-20T18:17:02.910000Z,5,1,-,-,1,17,144,17
1969-08-20T18:19:08.499000Z,3,1,-,-,1,17,145,55
1969-08-20T18:33:26.484000Z,3,1,-,-,1,17,150,26
1969-08-20T19:18:34.482000Z,4,0,-,-,1,17,167,21
1969-08-21T00:37:44.370000Z,10,0,-,-,1,17,280,40
1969-08-21T01:14:52.976000Z,12,1,-,-,1,17,293,20
1969-08-21T01:15:52.752000Z,15,1,-,-,1,17,294,49
1969-08-21T01:16:23.545000Z,13,1,-,-,1,17,294,00
1969-08-21T01:18:03.171000Z,6,1,-,-,1,17,294,65
1969-08-21T01:18:09.209000Z,6,1,-,-,1,17,295,5
1969-08-21T01:18:43.022000Z,10,1,-,-,1,17,295,61
1969-08-21T01:20:03.327000Z,8,1,-,-,1,17,295,94
1969-08-21T01:20:08.157000Z,8,1,-,-,1,17,295,02
1969-08-21T01:21:18.197000Z,15,1,-,-,1,17,296,47
1969-08-21T01:22:13.142000Z,13,1,-,-,1,17,296,38
1969-08-21T01:58:03.256000Z,3,1,-,-,1,17,309,85
1969-08-21T01:58:43.107000Z,4,1,-,-,1,17,309,51
1969-08-21T02:19:43.228000Z,4,1,-,-,1,17,317,75
1969-08-21T02:20:23.079000Z,3,1,-,-,1,17,317,41
1969-08-21T08:37:35.175000Z,13,1,-,-,1,17,457,28
1969-08-21T08:38:25.895000Z,6,1,-,-,1,17,457,12
1969-08-21T08:38:56.688000Z,6,1,-,-,1,17,457,63
1969-08-21T08:40:16.994000Z,7,1,-,-,1,17,458,26
1969-08-21T08:40:53.222000Z,7,1,-,-,1,17,458,86
1969-08-21T08:41:45.752000Z,13,1,-,-,1,17,458,73
1969-08-21T10:50:42.256000Z,3,1,-,-,1,17,506,26
1969-08-21T11:00:04.396000Z,3,1,-,-,1,17,509,47
1969-08-21T11:05:43.129000Z,13,1,-,-,1,17,511,68
1969-08-21T11:06:13.923000Z,15,1,-,-,1,17,511,19
1969-08-21T11:07:49.927000Z,8,1,-,-,1,17,512,08
1969-08-21T11:07:57.173000Z,8,1,-,-,1,17,512,20
1969-08-21T11:09:21.101000Z,15,1,-,-,1,17,512,59
1969-08-21T11:09:55.518000Z,13,1,-,-,1,17,513,46
1969-08-21T11:44:23.543000Z,11,0,-,-,1,17,525,31
1969-08-21T12:29:38.852000Z,11,0,-,-,1,17,542,38
1969-08-21T13:28:40.203000Z,10,0,-,-,1,18,13,90
1969-08-21T14:07:31.494000Z,12,0,-,-,1,18,27,71
1969-08-21T14:54:01.080000Z,15,1,-,-,1,18,44,01
1969-08-21T14:57:21.780000Z,13,1,-,-,1,18,46,76
1969-08-21T14:58:07.075000Z,7,1,-,-,1,18,46,51
1969-08-21T14:58:13.717000Z,7,1,-,-,1,18,46,62
1969-08-21T14:59:35.245000Z,8,1,-,-,1,18,47,22
1969-08-21T14:59:38.265000Z,8,1,-,-,1,18,47,27
1969-08-21T15:00:21.139000Z,13,1,-,-,1,18,47,98
1969-08-21T15:00:57.977000Z,15,1,-,-,1,18,47,59
1969-08-21T16:35:08.354000Z,1,0,-,-,1,18,82,63
1969-08-21T17:46:13.267000Z,13,1,-,-,1,18,108,05
1969-08-21T17:46:34.405000Z,7,1,-,-,1,18,108,40
1969-08-21T17:47:08.222000Z,7,1,-,-,1,18,108,96
1969-08-21T17:47:29.963000Z,13,1,-,-,1,18,108,32
1969-08-21T18:43:17.403000Z,8,0,-,-,1,18,129,29
1969-08-21T19:08:02.394000Z,3,1,-,-,1,18,138,58
1969-08-21T19:09:22.108000Z,4,1,-,-,1,18,139,20
1969-08-21T19:28:26.484000Z,3,1,-,-,1,18,146,24
1969-08-21T19:28:52.452000Z,4,1,-,-,1,18,146,67
1969-08-21T21:11:57.473000Z,15,1,-,-,1,18,184,49
1969-08-21T21:12:51.819000Z,13,1,-,-,1,18,184,39
1969-08-21T21:13:57.034000Z,6,1,-,-,1,18,184,47
1969-08-21T21:14:03.678000Z,6,1,-,-,1,18,184,58
1969-08-21T21:14:57.423000Z,7,1,-,-,1,18,185,77
1969-08-21T21:15:01.047000Z,7,1,-,-,1,18,185,83
1969-08-21T21:16:17.156000Z,7,1,-,-,1,18,185,09
1969-08-21T21:16:21.987000Z,7,1,-,-,1,18,185,17
1969-08-21T21:18:27.004000Z,8,1,-,-,1,18,186,54
1969-08-21T21:18:33.646000Z,8,1,-,-,1,18,186,65
1969-08-21T21:21:02.197000Z,13,1,-,-,1,18,187,41
1969-08-21T21:21:47.488000Z,15,1,-,-,1,18,187,16
1969-08-21T23:21:04.681000Z,13,1,-,-,1,18,231,50
1969-08-21T23:22:00.051000Z,6,1,-,-,1,18,232,72
1969-08-21T23:22:01.857000Z,6,1,-,-,1,18,232,75
1969-08-21T23:23:14.682000Z,7,1,-,-,1,18,232,96
1969-08-21T23:23:17.691000Z,7,1,-,-,1,18,232,01
1969-08-21T23:23:59.216000Z,7,1,-,-,1,18,232,70
1969-08-21T23:24:02.826000Z,7,1,-,-,1,18,233,6
1969-08-21T23:25:28.884000Z,7,1,-,-,1,18,233,49
1969-08-21T23:25:45.736000Z,7,1,-,-,1,18,233,77
1969-08-21T23:27:58.744000Z,13,1,-,-,1,18,234,28
1969-08-22T00:02:56.802000Z,7,0,-,-,1,18,247,50
1969-08-22T01:03:02.776000Z,8,0,-,-,1,18,269,82
1969-08-22T01:53:50.228000Z,2,0,-,-,1,18,288,99
1969-08-22T02:07:30.208000Z,15,1,-,-,1,18,293,06
1969-08-22T02:08:00.399000Z,13,1,-,-,1,18,293,56
1969-08-22T02:09:05.007000Z,8,1,-,-,1,18,293,63
1969-08-22T02:09:11.649000Z,8,1,-,-,1,18,294,4
1969-08-22T02:10:45.241000Z,13,1,-,-,1,18,294,59
1969-08-22T02:11:09.997000Z,15,1,-,-,1,18,294,00
1969-08-22T03:13:40.899000Z,4,0,-,-,1,18,317,02
1969-08-22T04:55:29.714000Z,3,1,-,-,1,18,355,59
1969-08-22T05:05:32.231000Z,3,1,-,-,1,18,358,61
1969-08-22T05:50:22.232000Z,5,0,-,-,1,18,375,26
1969-08-22T07:41:18.107000Z,13,1,-,-,1,18,416,79
1969-08-22T07:44:24.082000Z,15,1,-,-,1,18,417,16
1969-08-22T07:46:30.884000Z,8,1,-,-,1,18,418,56
1969-08-22T07:46:36.922000Z,8,1,-,-,1,18,418,66
1969-08-22T07:47:25.832000Z,15,1,-,-,1,18,418,47
1969-08-22T07:49:28.448000Z,13,1,-,-,1,18,419,80
1969-08-22T08:40:46.672000Z,13,1,-,-,1,18,438,48
1969-08-22T08:41:38.600000Z,6,1,-,-,1,18,438,34
1969-08-22T08:42:12.414000Z,6,1,-,-,1,18,438,90
1969-08-22T08:43:37.552000Z,7,1,-,-,1,18,439,61
1969-08-22T08:44:11.366000Z,7,1,-,-,1,18,439,17
1969-08-22T08:45:25.636000Z,8,1,-,-,1,18,439,40
1969-08-22T08:46:13.337000Z,8,1,-,-,1,18,440,49
1969-08-22T08:46:55.605000Z,13,1,-,-,1,18,440,19
1969-08-22T09:52:22.846000Z,4,1,-,-,1,18,464,43
1969-08-22T10:05:23.585000Z,4,1,-,-,1,18,469,86
1969-08-22T10:54:28.418000Z,13,1,-,-,1,18,487,03
1969-08-22T10:55:05.855000Z,15,1,-,-,1,18,487,65
1969-08-22T10:56:51.524000Z,8,1,-,-,1,18,488,70
1969-08-22T10:56:57.562000Z,8,1,-,-,1,18,488,80
1969-08-22T10:58:02.775000Z,15,1,-,-,1,18,488,88
1969-08-22T10:58:33.570000Z,13,1,-,-,1,18,488,39
1969-08-22T14:02:29.628000Z,3,1,-,-,1,19,23,06
1969-08-22T14:29:39.347000Z,3,1,-,-,1,19,33,97
1969-08-22T15:21:51.760000Z,13,1,-,-,1,19,53,5
1969-08-22T15:22:20.140000Z,7,1,-,-,1,19,53,52
1969-08-22T15:22:46.708000Z,7,1,-,-,1,19,53,96
1969-08-22T15:23:07.843000Z,15,1,-,-,1,19,53,31
1969-08-22T15:24:03.999000Z,8,1,-,-,1,19,53,24
1969-08-22T15:24:10.038000Z,8,1,-,-,1,19,53,34
1969-08-22T15:24:40.834000Z,13,1,-,-,1,19,54,15
1969-08-22T15:25:05.590000Z,15,1,-,-,1,19,54,56
1969-08-22T16:25:16.462000Z,8,0,-,-,1,19,76,96
1969-08-22T17:17:12.251000Z,1,1,-,-,1,19,95,26
1969-08-22T17:18:22.899000Z,1,1,-,-,1,19,95,43
1969-08-22T17:19:40.189000Z,1,1,-,-,1,19,96,01
1969-08-22T19:11:16.686000Z,15,1,-,-,1,19,137,21
1969-08-22T19:11:43.256000Z,13,1,-,-,1,19,137,65
1969-08-22T19:13:09.605000Z,8,1,-,-,1,19,138,38
1969-08-22T19:13:53.080000Z,13,1,-,-,1,19,138,10
1969-08-22T19:14:53.463000Z,15,1,-,-,1,19,138,10
1969-08-22T23:48:38.536000Z,13,1,-,-,1,19,229,23
1969-08-22T23:50:17.564000Z,6,1,-,-,1,19,230,17
1969-08-22T23:50:22.394000Z,6,1,-,-,1,19,230,25
1969-08-22T23:51:07.682000Z,7,1,-,-,1,19,230,00
1969-08-22T23:51:11.908000Z,7,1,-,-,1,19,230,07
1969-08-22T23:52:27.386000Z,15,1,-,-,1,19,231,62
1969-08-22T23:53:27.769000Z,8,1,-,-,1,19,231,62
1969-08-22T23:53:33.807000Z,8,1,-,-,1,19,231,72
1969-08-22T23:53:53.130000Z,15,1,-,-,1,19,231,04
1969-08-22T23:55:17.665000Z,13,1,-,-,1,19,232,74
1969-08-23T00:33:33.412000Z,2,0,-,-,1,19,246,95
1969-08-23T01:42:07.282000Z,3,1,-,-,1,19,271,29
1969-08-23T01:42:47.135000Z,4,1,-,-,1,19,271,95
1969-08-23T02:15:28.968000Z,4,1,-,-,1,19,283,74
1969-08-23T02:16:17.878000Z,3,1,-,-,1,19,283,55
1969-08-23T02:19:51.634000Z,10,0,-,-,1,19,285,69
1969-08-23T05:45:25.081000Z,2,1,-,-,1,19,360,44
1969-08-23T05:45:40.177000Z,2,1,-,-,1,19,360,69
1969-08-23T05:45:57.688000Z,2,1,-,-,1,19,361,28
1969-08-23T05:47:21.016000Z,4,1,-,-,1,19,361,66
1969-08-23T05:48:20.191000Z,4,1,-,-,1,19,361,64
1969-08-23T05:49:33.858000Z,2,1,-,-,1,19,362,16
1969-08-23T06:00:09.688000Z,2,1,-,-,1,19,366,89
1969-08-23T06:00:30.822000Z,2,1,-,-,1,19,366,24
1969-08-23T06:00:48.937000Z,2,1,-,-,1,19,366,54
1969-08-23T06:02:09.246000Z,4,1,-,-,1,19,367,17
1969-08-23T06:03:02.987000Z,4,1,-,-,1,19,367,06
1969-08-23T06:03:48.877000Z,2,1,-,-,1,19,367,82
1969-08-23T06:15:23.883000Z,2,1,-,-,1,19,371,53
1969-08-23T06:15:42.601000Z,2,1,-,-,1,19,372,14
1969-08-23T06:15:58.905000Z,2,1,-,-,1,19,372,41
1969-08-23T06:17:16.798000Z,4,1,-,-,1,19,372,70
1969-08-23T06:18:18.993000Z,4,1,-,-,1,19,373,3
1969-08-23T06:19:07.299000Z,2,1,-,-,1,19,373,83
1969-08-23T06:45:20.873000Z,2,1,-,-,1,19,380,57
1969-08-23T06:45:34.761000Z,2,1,-,-,1,19,380,80
1969-08-23T06:45:52.272000Z,2,1,-,-,1,19,380,09
1969-08-23T06:47:21.638000Z,4,1,-,-,1,19,380,57
1969-08-23T06:48:12.964000Z,4,1,-,-,1,19,381,72
1969-08-23T06:49:07.912000Z,2,1,-,-,1,19,381,63
1969-08-23T07:00:07.292000Z,2,1,-,-,1,19,385,75
1969-08-23T07:00:19.972000Z,2,1,-,-,1,19,385,96
1969-08-23T07:00:35.068000Z,2,1,-,-,1,19,385,21
1969-08-23T07:02:11.076000Z,4,1,-,-,1,19,386,10
1969-08-23T07:04:31.164000Z,2,1,-,-,1,19,387,72
1969-08-23T07:15:13.033000Z,2,1,-,-,1,19,391,55
1969-08-23T07:15:31.148000Z,2,1,-,-,1,19,391,85
1969-08-23T07:15:51.678000Z,2,1,-,-,1,19,391,19
1969-08-23T07:17:22.856000Z,4,1,-,-,1,19,391,70
1969-08-23T07:18:12.974000Z,4,1,-,-,1,19,392,83
1969-08-23T07:19:09.130000Z,2,1,-,-,1,19,392,76
1969-08-23T07:30:03.679000Z,2,1,-,-,1,19,396,80
1969-08-23T07:30:23.605000Z,2,1,-,-,1,19,396,13
1969-08-23T07:30:39.908000Z,2,1,-,-,1,19,396,40
1969-08-23T07:32:21.351000Z,4,1,-,-,1,19,397,38
1969-08-23T07:33:13.884000Z,4,1,-,-,1,19,397,25
1969-08-23T07:33:58.568000Z,2,1,-,-,1,19,398,29
1969-08-23T07:45:04.590000Z,2,1,-,-,1,19,402,52
1969-08-23T07:45:22.704000Z,2,1,-,-,1,19,402,82
1969-08-23T07:45:35.989000Z,2,1,-,-,1,19,402,04
1969-08-23T07:47:16.224000Z,4,1,-,-,1,19,402,70
1969-08-23T07:48:04.530000Z,4,1,-,-,1,19,403,80
1969-08-23T07:48:51.025000Z,2,1,-,-,1,19,403,57
1969-08-23T08:00:03.689000Z,2,1,-,-,1,19,407,90
1969-08-23T08:00:26.031000Z,2,1,-,-,1,19,407,27
1969-08-23T08:00:40.523000Z,2,1,-,-,1,19,407,51
1969-08-23T08:02:25.589000Z,4,1,-,-,1,19,408,55
1969-08-23T08:03:19.933000Z,4,1,-,-,1,19,408,45
1969-08-23T08:04:05.824000Z,2,1,-,-,1,19,409,51
1969-08-23T08:15:04.601000Z,2,1,-,-,1,19,413,62
1969-08-23T08:15:23.923000Z,2,1,-,-,1,19,413,94
1969-08-23T08:15:39.019000Z,2,1,-,-,1,19,413,19
1969-08-23T08:17:24.689000Z,4,1,-,-,1,19,414,24
1969-08-23T08:18:44.998000Z,4,1,-,-,1,19,414,57
1969-08-23T08:19:43.569000Z,2,1,-,-,1,19,414,54
1969-08-23T08:30:06.116000Z,2,1,-,-,1,19,418,05
1969-08-23T08:30:26.646000Z,2,1,-,-,1,19,418,39
1969-08-23T08:30:42.949000Z,2,1,-,-,1,19,418,66
1969-08-23T08:32:28.619000Z,4,1,-,-,1,19,419,71
1969-08-23T08:33:24.171000Z,4,1,-,-,1,19,419,63
1969-08-23T08:34:26.970000Z,2,1,-,-,1,19,420,97
1969-08-23T08:45:57.749000Z,2,1,-,-,1,19,424,61
1969-08-23T08:46:21.902000Z,2,1,-,-,1,19,424,01
1969-08-23T08:46:36.998000Z,2,1,-,-,1,19,424,26
1969-08-23T08:48:23.875000Z,4,1,-,-,1,19,425,33
1969-08-23T08:49:13.993000Z,4,1,-,-,1,19,425,16
1969-08-23T08:50:07.130000Z,2,1,-,-,1,19,426,34
1969-08-23T09:00:09.147000Z,2,1,-,-,1,19,429,21
1969-08-23T09:00:29.073000Z,2,1,-,-,1,19,429,54
1969-08-23T09:00:44.169000Z,2,1,-,-,1,19,430,9
1969-08-23T09:02:37.085000Z,4,1,-,-,1,19,430,96
1969-08-23T09:03:38.071000Z,4,1,-,-,1,19,431,27
1969-08-23T09:04:26.377000Z,4,1,-,-,1,19,431,07
1969-08-23T09:05:20.118000Z,4,1,-,-,1,19,431,96
1969-08-23T09:06:42.239000Z,2,1,-,-,1,19,432,62
1969-08-23T09:15:05.832000Z,2,1,-,-,1,19,435,86
1969-08-23T09:15:26.966000Z,2,1,-,-,1,19,435,21
1969-08-23T09:16:03.195000Z,2,1,-,-,1,19,435,81
1969-08-23T09:17:39.808000Z,4,1,-,-,1,19,436,71
1969-08-23T09:18:33.549000Z,4,1,-,-,1,19,436,60
1969-08-23T09:19:46.612000Z,2,1,-,-,1,19,437,11
1969-08-23T09:30:06.140000Z,2,1,-,-,1,19,440,27
1969-08-23T09:30:26.670000Z,2,1,-,-,1,19,440,61
1969-08-23T09:30:41.766000Z,2,1,-,-,1,19,441,16
1969-08-23T09:32:40.720000Z,4,1,-,-,1,19,441,13
1969-08-23T09:33:33.857000Z,4,1,-,-,1,19,442,31
1969-08-23T09:35:03.827000Z,2,1,-,-,1,19,442,80
1969-08-23T09:40:02.119000Z,2,1,-,-,1,19,444,34
1969-08-23T09:40:22.649000Z,2,1,-,-,1,19,444,68
1969-08-23T09:40:37.141000Z,2,1,-,-,1,19,444,92
1969-08-23T09:42:30.057000Z,4,1,-,-,1,19,445,09
1969-08-23T09:43:28.024000Z,4,1,-,-,1,19,445,05
1969-08-23T09:45:11.883000Z,4,1,-,-,1,19,446,07
1969-08-23T09:46:32.796000Z,4,1,-,-,1,19,446,41
1969-08-23T09:48:00.955000Z,4,1,-,-,1,19,447,17
1969-08-23T09:49:50.248000Z,4,1,-,-,1,19,448,28
1969-08-23T09:51:43.767000Z,4,1,-,-,1,19,448,16
1969-08-23T09:53:01.661000Z,4,1,-,-,1,19,449,75
1969-08-23T09:56:11.263000Z,4,1,-,-,1,19,450,19
1969-08-23T09:57:15.873000Z,4,1,-,-,1,19,450,26
1969-08-23T09:59:22.677000Z,4,1,-,-,1,19,451,66
1969-08-23T10:01:27.670000Z,4,1,-,-,1,19,452,03
1969-08-23T10:03:53.796000Z,4,1,-,-,1,19,453,75
1969-08-23T10:05:35.843000Z,4,1,-,-,1,19,453,44
1969-08-23T10:08:30.954000Z,4,1,-,-,1,19,454,64
1969-08-23T10:09:48.847000Z,4,1,-,-,1,19,455,23
1969-08-23T10:15:57.787000Z,4,1,-,-,1,19,457,94
1969-08-23T10:16:56.962000Z,4,1,-,-,1,19,458,22
1969-08-23T10:22:14.576000Z,4,1,-,-,1,19,460,8
1969-08-23T10:25:45.916000Z,4,1,-,-,1,19,461,88
1969-08-23T10:26:48.110000Z,2,1,-,-,1,19,461,91
1969-08-23T10:43:00.671000Z,4,1,-,-,1,19,467,80
1969-08-23T10:44:04.677000Z,4,1,-,-,1,19,468,16
1969-08-23T10:45:47.932000Z,2,1,-,-,1,19,468,87
1969-08-23T10:46:12.085000Z,2,1,-,-,1,19,468,27
1969-08-23T10:46:32.011000Z,2,1,-,-,1,19,468,60
1969-08-23T10:48:40.627000Z,4,1,-,-,1,19,469,03
1969-08-23T10:49:41.010000Z,4,1,-,-,1,19,470,33
1969-08-23T10:51:01.923000Z,4,1,-,-,1,19,470,67
1969-08-23T11:06:16.724000Z,2,1,-,-,1,19,476,62
1969-08-23T11:24:09.728000Z,4,1,-,-,1,19,482,19
1969-08-23T11:26:43.101000Z,13,1,-,-,1,19,483,03
1969-08-23T11:28:52.924000Z,7,1,-,-,1,19,484,48
1969-08-23T11:29:12.851000Z,7,1,-,-,1,19,484,81
1969-08-23T11:30:28.933000Z,8,1,-,-,1,19,485,37
1969-08-23T11:31:05.163000Z,8,1,-,-,1,19,485,96
1969-08-23T11:32:21.849000Z,15,1,-,-,1,19,485,23
1969-08-23T11:33:50.008000Z,8,1,-,-,1,19,486,99
1969-08-23T11:33:53.027000Z,8,1,-,-,1,19,486,04
1969-08-23T11:35:26.017000Z,15,1,-,-,1,19,486,58
1969-08-23T11:37:54.559000Z,13,1,-,-,1,19,487,34
1969-08-23T11:45:17.770000Z,3,1,-,-,1,19,490,58
1969-08-23T12:00:53.102000Z,3,1,-,-,1,19,496,87
1969-08-23T12:04:22.027000Z,1,1,-,-,1,19,497,63
1969-08-23T12:04:42.557000Z,1,1,-,-,1,19,497,97
1969-08-23T12:05:03.087000Z,1,1,-,-,1,19,497,31
1969-08-23T12:06:36.077000Z,4,1,-,-,1,19,498,15
1969-08-23T12:07:55.782000Z,4,1,-,-,1,19,498,47
1969-08-23T12:08:57.977000Z,1,1,-,-,1,19,499,80
1969-08-23T13:00:03.092000Z,1,1,-,-,1,19,518,26
1969-08-23T13:00:29.661000Z,1,1,-,-,1,19,518,70
1969-08-23T13:00:50.795000Z,1,1,-,-,1,19,518,05
1969-08-23T13:02:17.746000Z,4,1,-,-,1,19,518,49
1969-08-23T13:05:23.726000Z,4,1,-,-,1,19,520,17
1969-08-23T13:06:09.013000Z,4,1,-,-,1,19,520,92
1969-08-23T13:07:35.965000Z,4,1,-,-,1,19,520,36
1969-08-23T13:08:26.083000Z,1,1,-,-,1,19,521,49
1969-08-23T13:33:41.212000Z,1,1,-,-,1,20,1,54
1969-08-23T13:34:09.611000Z,1,1,-,-,1,20,2,31
1969-08-23T13:34:30.768000Z,1,1,-,-,1,20,2,66
1969-08-23T13:36:41.946000Z,4,1,-,-,1,20,3,11
1969-08-23T13:37:56.884000Z,4,1,-,-,1,20,3,35
1969-08-23T13:39:01.562000Z,1,1,-,-,1,20,3,42
1969-08-23T14:37:00.855000Z,1,1,-,-,1,20,24,52
1969-08-23T14:37:34.674000Z,1,1,-,-,1,20,24,08
1969-08-23T14:38:15.139000Z,1,1,-,-,1,20,25,5
1969-08-23T14:46:29.153000Z,4,1,-,-,1,20,27,69
1969-08-23T14:56:03.578000Z,4,1,-,-,1,20,31,40
1969-08-23T15:01:26.073000Z,1,1,-,-,1,20,33,32
1969-08-23T15:07:11.557000Z,13,1,-,-,1,20,35,59
1969-08-23T15:09:19.585000Z,6,1,-,-,1,20,36,01
1969-08-23T15:10:31.456000Z,6,1,-,-,1,20,36,18
1969-08-23T15:12:17.137000Z,15,1,-,-,1,20,37,23
1969-08-23T15:14:01.602000Z,8,1,-,-,1,20,38,26
1969-08-23T15:14:03.413000Z,8,1,-,-,1,20,38,29
1969-08-23T15:18:09.188000Z,13,1,-,-,1,20,39,61
1969-08-23T15:18:41.800000Z,15,1,-,-,1,20,39,13
1969-08-23T15:33:36.220000Z,14,0,-,-,1,20,45,60
1969-08-23T19:00:09.754000Z,5,0,-,-,1,20,120,61
1969-08-23T20:19:33.281000Z,13,1,-,-,1,20,150,48
1969-08-23T20:21:16.533000Z,6,1,-,-,1,20,150,19
1969-08-23T20:21:59.404000Z,6,1,-,-,1,20,151,20
1969-08-23T20:22:43.482000Z,15,1,-,-,1,20,151,93
1969-08-23T20:24:13.451000Z,8,1,-,-,1,20,151,42
1969-08-23T20:24:19.489000Z,8,1,-,-,1,20,151,52
1969-08-23T20:26:36.555000Z,13,1,-,-,1,20,152,09
1969-08-23T20:27:58.070000Z,15,1,-,-,1,20,153,74
1969-08-23T20:29:47.964000Z,4,1,-,-,1,20,153,56
1969-08-23T20:35:38.176000Z,4,1,-,-,1,20,156,26
1969-08-23T20:51:31.616000Z,4,1,-,-,1,20,161,55
1969-08-23T20:52:13.279000Z,3,1,-,-,1,20,162,54
1969-08-23T20:53:09.435000Z,4,1,-,-,1,20,162,47
1969-08-23T21:05:08.579000Z,3,1,-,-,1,20,166,58
1969-08-24T01:28:23.072000Z,13,1,-,-,1,20,264,7
1969-08-24T01:29:02.321000Z,10,1,-,-,1,20,264,72
1969-08-24T01:29:37.937000Z,15,1,-,-,1,20,264,31
1969-08-24T01:31:13.340000Z,6,1,-,-,1,20,265,19
1969-08-24T01:31:19.378000Z,6,1,-,-,1,20,265,29
1969-08-24T01:32:23.384000Z,7,1,-,-,1,20,265,35
1969-08-24T01:32:28.819000Z,7,1,-,-,1,20,265,44
1969-08-24T01:33:08.068000Z,10,1,-,-,1,20,265,09
1969-08-24T01:34:13.285000Z,8,1,-,-,1,20,266,47
1969-08-24T01:34:18.115000Z,8,1,-,-,1,20,266,55
1969-08-24T01:35:02.799000Z,15,1,-,-,1,20,266,29
1969-08-24T01:36:03.171000Z,13,1,-,-,1,20,266,29
1969-08-24T01:39:23.043000Z,4,1,-,-,1,20,268,20
1969-08-24T01:40:02.889000Z,4,1,-,-,1,20,268,86
1969-08-24T01:54:02.799000Z,13,1,-,-,1,20,273,26
1969-08-24T01:55:43.036000Z,7,1,-,-,1,20,274,22
1969-08-24T01:55:44.847000Z,7,1,-,-,1,20,274,25
1969-08-24T01:56:47.637000Z,7,1,-,-,1,20,274,29
1969-08-24T01:56:49.449000Z,7,1,-,-,1,20,274,32
1969-08-24T01:58:10.364000Z,7,1,-,-,1,20,274,66
1969-08-24T02:03:57.559000Z,7,1,-,-,1,20,277,43
1969-08-24T02:04:22.912000Z,7,1,-,-,1,20,277,85
1969-08-24T02:05:37.786000Z,13,1,-,-,1,20,277,09
1969-08-24T02:40:57.788000Z,12,0,-,-,1,20,290,10
1969-08-24T03:34:02.924000Z,13,1,-,-,1,20,310,83
1969-08-24T03:34:35.527000Z,6,1,-,-,1,20,310,37
1969-08-24T03:37:02.860000Z,6,1,-,-,1,20,311,11
1969-08-24T03:37:07.087000Z,6,1,-,-,1,20,311,18
1969-08-24T03:39:22.941000Z,6,1,-,-,1,20,312,73
1969-08-24T03:39:27.168000Z,6,1,-,-,1,20,312,80
1969-08-24T03:40:22.721000Z,6,1,-,-,1,20,312,72
1969-08-24T03:40:26.948000Z,6,1,-,-,1,20,312,79
1969-08-24T03:41:23.105000Z,6,1,-,-,1,20,313,2
1969-08-24T03:41:35.779000Z,6,1,-,-,1,20,313,23
1969-08-24T03:42:13.217000Z,13,1,-,-,1,20,313,85
1969-08-24T04:49:02.557000Z,3,0,-,-,1,20,337,45
1969-08-24T05:11:36.925000Z,13,1,-,-,1,20,346,56
1969-08-24T05:11:56.244000Z,15,1,-,-,1,20,346,88
1969-08-24T05:13:20.779000Z,8,1,-,-,1,20,346,28
1969-08-24T05:13:25.007000Z,8,1,-,-,1,20,346,35
1969-08-24T05:14:12.104000Z,8,1,-,-,1,20,347,42
1969-08-24T05:14:14.519000Z,8,1,-,-,1,20,347,46
1969-08-24T05:14:45.310000Z,15,1,-,-,1,20,347,97
1969-08-24T05:14:57.992000Z,13,1,-,-,1,20,347,18
1969-08-24T05:31:22.212000Z,1,0,-,-,1,20,353,28
1969-08-24T06:42:42.069000Z,3,1,-,-,1,20,379,95
1969-08-24T06:51:26.794000Z,3,1,-,-,1,20,382,52
1969-08-24T06:58:01.082000Z,12,0,-,-,1,20,385,95
1969-08-24T08:33:37.352000Z,1,0,-,-,1,20,420,23
1969-08-24T09:32:38.133000Z,13,1,-,-,1,20,442,46
1969-08-24T09:33:06.512000Z,10,1,-,-,1,20,442,93
1969-08-24T09:33:25.231000Z,15,1,-,-,1,20,442,24
1969-08-24T09:34:56.407000Z,6,1,-,-,1,20,443,05
1969-08-24T09:35:00.030000Z,6,1,-,-,1,20,443,11
1969-08-24T09:35:35.051000Z,6,1,-,-,1,20,443,69
1969-08-24T09:35:38.674000Z,6,1,-,-,1,20,443,75
1969-08-24T09:36:23.960000Z,7,1,-,-,1,20,443,50
1969-08-24T09:36:27.583000Z,7,1,-,-,1,20,443,56
1969-08-24T09:37:18.304000Z,7,1,-,-,1,20,444,70
1969-08-24T09:37:20.719000Z,7,1,-,-,1,20,444,74
1969-08-24T09:38:02.382000Z,10,1,-,-,1,20,444,43
1969-08-24T09:40:01.334000Z,8,1,-,-,1,20,445,70
1969-08-24T09:40:03.750000Z,8,1,-,-,1,20,445,74
1969-08-24T09:40:54.470000Z,8,1,-,-,1,20,445,58
1969-08-24T09:40:56.886000Z,8,1,-,-,1,20,445,62
1969-08-24T09:43:25.424000Z,15,1,-,-,1,20,446,38
1969-08-24T09:43:41.124000Z,13,1,-,-,1,20,446,64
1969-08-24T15:04:42.288000Z,2,0,-,-,1,20,564,03
1969-08-24T16:26:42.799000Z,4,1,-,-,1,21,25,85
1969-08-24T16:27:32.916000Z,3,1,-,-,1,21,25,68
1969-08-24T16:53:08.440000Z,6,0,-,-,1,21,35,61
1969-08-24T17:13:02.791000Z,3,1,-,-,1,21,42,77
1969-08-24T17:13:43.247000Z,4,1,-,-,1,21,42,44
1969-08-24T18:37:05.274000Z,7,0,-,-,1,21,73,53
1969-08-24T21:00:47.746000Z,13,1,-,-,1,21,126,86
1969-08-24T21:03:03.001000Z,6,1,-,-,1,21,127,40
1969-08-24T21:03:13.266000Z,6,1,-,-,1,21,127,57
1969-08-24T21:04:43.235000Z,8,1,-,-,1,21,127,06
1969-08-24T21:04:49.273000Z,8,1,-,-,1,21,127,16
1969-08-24T21:05:33.352000Z,8,1,-,-,1,21,128,19
1969-08-24T21:05:39.390000Z,8,1,-,-,1,21,128,29
1969-08-24T21:07:12.981000Z,13,1,-,-,1,21,128,84
1969-08-24T22:45:02.171000Z,12,0,-,-,1,21,164,79
1969-08-24T23:16:17.024000Z,14,0,-,*,1,21,176,42
1969-08-24T23:34:35.972000Z,12,0,-,-,1,21,182,40
1969-08-25T02:04:03.218000Z,15,1,-,-,1,21,238,77
1969-08-25T02:04:23.146000Z,13,1,-,-,1,21,238,10
1969-08-25T02:05:22.924000Z,10,1,-,-,1,21,238,09
1969-08-25T02:06:43.836000Z,6,1,-,-,1,21,239,73
1969-08-25T02:06:47.459000Z,6,1,-,-,1,21,239,79
1969-08-25T02:06:54.101000Z,15,1,-,-,1,21,239,90
1969-08-25T02:08:13.202000Z,13,1,-,-,1,21,239,21
1969-08-25T02:32:03.642000Z,3,1,-,-,1,21,248,60
1969-08-25T02:40:53.194000Z,3,1,-,-,1,21,251,27
1969-08-25T03:54:38.142000Z,10,0,-,-,1,21,277,37
