filename,correction


#leap correction
pse.a12.5.241.S12.5.1972.183.00_00_00_118000.csv.gz,1.0
pse.a12.5.241.S12.13.1972.183.05_59_57_593000.csv.gz,1.0
pse.a14.3.155.S14.13.1972.183.00_00_00_232000.csv.gz,1.0
pse.a14.3.155.S14.13.1972.183.00_16_50_278000.csv.gz,1.0
pse.a14.3.155.S14.13.1972.183.00_25_08_961000.csv.gz,1.0
pse.a14.3.155.S14.13.1972.183.00_32_25_460000.csv.gz,1.0
pse.a14.3.155.S14.13.1972.183.00_43_18_096000.csv.gz,1.0
pse.a14.3.155.S14.13.1972.183.00_52_19_645000.csv.gz,1.0
pse.a14.3.155.S14.13.1972.183.01_02_21_567000.csv.gz,1.0
pse.a14.3.155.S14.13.1972.183.01_13_14_203000.csv.gz,1.0
pse.a14.3.155.S14.13.1972.183.01_23_39_066000.csv.gz,1.0
pse.a14.3.155.S14.13.1972.183.01_39_18_476000.csv.gz,1.0
pse.a14.3.155.S14.13.1972.183.01_41_22_241000.csv.gz,1.0
pse.a14.3.155.S14.13.1972.183.01_47_35_952000.csv.gz,1.0
pse.a14.3.155.S14.13.1972.183.01_55_14_789000.csv.gz,1.0
pse.a14.3.155.S14.13.1972.183.02_00_22_089000.csv.gz,1.0
pse.a14.3.155.S14.13.1972.183.02_09_55_636000.csv.gz,1.0
pse.a14.3.155.S14.13.1972.183.02_14_20_675000.csv.gz,1.0
pse.a14.3.155.S14.13.1972.183.02_20_28_348000.csv.gz,1.0
pse.a14.3.155.S14.13.1972.183.02_27_46_659000.csv.gz,1.0
pse.a14.3.155.S14.13.1972.183.02_32_40_073000.csv.gz,1.0
pse.a14.3.155.S14.13.1972.183.02_38_44_125000.csv.gz,1.0
pse.a14.3.155.S14.13.1972.183.02_42_29_317000.csv.gz,1.0
pse.a14.3.155.S14.13.1972.183.02_51_45_959000.csv.gz,1.0
pse.a14.3.155.S14.13.1972.183.03_02_42_217000.csv.gz,1.0
pse.a14.3.155.S14.13.1972.183.03_05_05_302000.csv.gz,1.0
pse.a14.3.155.S14.13.1972.183.03_09_46_643000.csv.gz,1.0
pse.a14.3.155.S14.13.1972.183.03_11_57_048000.csv.gz,1.0
pse.a14.3.155.S14.13.1972.183.03_17_40_573000.csv.gz,1.0
pse.a14.3.155.S14.13.1972.183.03_24_52_846000.csv.gz,1.0
pse.a14.3.155.S14.13.1972.183.03_28_31_397000.csv.gz,1.0
pse.a14.3.155.S14.13.1972.183.03_34_01_639000.csv.gz,1.0
pse.a14.3.155.S14.13.1972.183.03_37_31_739000.csv.gz,1.0
pse.a14.3.155.S14.13.1972.183.03_39_35_504000.csv.gz,1.0
pse.a14.3.155.S14.13.1972.183.03_43_11_037000.csv.gz,1.0
pse.a14.3.155.S14.13.1972.183.03_45_42_574000.csv.gz,1.0
pse.a15.2.156.S15.3.1972.183.00_00_00_311000.csv.gz,1.0
pse.a16.1.71.S16.3.1972.183.00_00_00_165000.csv.gz,1.0

pse.a12.6.136.S12.5.1973.001.00_00_09_330000.csv.gz,1.0
pse.a14.4.166.S14.5.1973.001.00_00_32_799000.csv.gz,1.0
pse.a15.3.162.S15.3.1973.001.03_59_06_810000.csv.gz,1.0
pse.a15.3.162.S15.3.1973.001.00_00_09_103000.csv.gz,1.0
pse.a16.2.85.S16.3.1973.001.00_00_10_037000.csv.gz,1.0

pse.a12.7.211.S12.1.1974.001.00_00_06_476000.csv.gz,1.0
pse.a14.7.1.S14.1.1974.001.00_00_11_038000.csv.gz,1.0
pse.a15.6.1.S15.1.1974.001.00_00_10_969000.csv.gz,1.0
pse.a16.4.94.S16.1.1974.001.00_00_11_168000.csv.gz,1.0

pse.a12.9.1.S12.2.1975.001.00_00_10_703000.csv.gz,1.0
pse.a12.9.1.S12.2.1975.001.03_53_57_272000.csv.gz,1.0
pse.a14.9.7.S14.2.1975.001.00_00_23_815000.csv.gz,1.0
pse.a15.8.7.S15.2.1975.001.00_00_10_932000.csv.gz,1.0
pse.a16.6.100.S16.2.1975.001.00_00_10_238000.csv.gz,1.0

pse.a12.10.78.S12.5.1976.001.00_00_09_486000.csv.gz,1.0
pse.a14.11.20.S14.5.1976.001.00_00_12_571000.csv.gz,1.0
pse.a15.10.23.S15.5.1976.001.00_00_07_307000.csv.gz,1.0
pse.a16.8.116.S16.5.1976.001.00_00_12_276000.csv.gz,1.0

wtn.11.23.S12.1.1977.001.00_12_50_785000.csv.gz,1.0
wtn.11.23.S14.1.1977.001.00_12_50_927000.csv.gz,1.0
wtn.11.23.S15.1.1977.001.00_12_50_923000.csv.gz,1.0
wtn.11.23.S16.1.1977.001.00_12_50_863000.csv.gz,1.0

#end leap correction

pse.a11.1.1.S11.3.1969.202.07_03_36_062000.csv.gz,0.6
pse.a11.1.1.S11.3.1969.202.07_19_54_174000.csv.gz,0.6
pse.a11.1.1.S11.3.1969.202.07_22_19_081000.csv.gz,0.6
pse.a11.1.1.S11.3.1969.202.07_28_17_757000.csv.gz,0.6
pse.a11.1.1.S11.3.1969.202.07_31_55_079000.csv.gz,0.6
pse.a11.1.1.S11.3.1969.202.07_35_32_444000.csv.gz,0.6
pse.a11.1.1.S11.3.1969.202.07_40_04_136000.csv.gz,0.6
pse.a11.1.1.S11.3.1969.202.07_42_29_080000.csv.gz,0.6
pse.a11.1.1.S11.3.1969.202.07_49_43_755000.csv.gz,0.6
pse.a11.1.1.S11.3.1969.202.07_56_04_172000.csv.gz,0.6
pse.a11.1.1.S11.3.1969.202.08_00_35_839000.csv.gz,0.6
pse.a11.1.1.S11.3.1969.202.08_16_35_867000.csv.gz,0.6
pse.a11.1.1.S11.3.1969.202.08_21_43_754000.csv.gz,0.6
pse.a11.1.1.S11.3.1969.202.08_43_06_766000.csv.gz,0.6
pse.a11.1.1.S11.3.1969.202.08_57_07_826000.csv.gz,0.6
pse.a11.1.1.S11.3.1969.202.09_18_33_882000.csv.gz,0.6
pse.a11.1.1.S11.3.1969.202.09_23_10_418000.csv.gz,0.6
pse.a11.1.1.S11.3.1969.202.09_28_57_587000.csv.gz,0.6
pse.a11.1.1.S11.3.1969.202.09_31_58_685000.csv.gz,0.6
pse.a11.1.1.S11.3.1969.202.09_41_20_225000.csv.gz,0.6
pse.a11.1.1.S11.3.1969.202.09_47_58_714000.csv.gz,0.6
pse.a11.1.1.S11.3.1969.202.09_50_59_811000.csv.gz,0.6
pse.a11.1.1.S11.3.1969.202.09_56_07_737000.csv.gz,0.6
pse.a11.1.1.S11.3.1969.202.09_59_27_013000.csv.gz,0.6
pse.a11.1.1.S11.3.1969.202.10_03_04_369000.csv.gz,0.6
pse.a11.1.1.S11.3.1969.202.10_10_19_085000.csv.gz,0.6
pse.a11.1.1.S11.3.1969.202.10_13_06_893000.csv.gz,0.6
pse.a11.1.1.S11.3.1969.202.10_15_31_798000.csv.gz,0.6
pse.a11.1.1.S11.3.1969.202.10_42_41_983000.csv.gz,0.6
pse.a11.1.1.S11.3.1969.202.11_08_39_714000.csv.gz,0.6
pse.a11.1.1.S11.3.1969.202.11_14_17_255000.csv.gz,0.6
pse.a11.1.1.S11.3.1969.202.11_18_12_724000.csv.gz,0.6
pse.a11.1.1.S11.3.1969.202.11_20_55_712000.csv.gz,0.6
pse.a11.1.1.S11.3.1969.202.11_29_04_797000.csv.gz,0.6
pse.a11.1.1.S11.3.1969.202.11_31_29_660000.csv.gz,0.6
pse.a11.1.1.S11.3.1969.202.11_39_20_643000.csv.gz,0.6
pse.a11.1.1.S11.3.1969.202.11_45_59_099000.csv.gz,0.6
pse.a11.1.1.S11.3.1969.202.11_58_21_734000.csv.gz,0.6
pse.a11.1.1.S11.3.1969.202.12_01_57_884000.csv.gz,0.6
pse.a11.1.1.S11.3.1969.202.12_47_32_969000.csv.gz,0.6
pse.a11.1.1.S11.3.1969.202.12_51_21_828000.csv.gz,0.6
pse.a11.1.1.S11.3.1969.202.12_56_11_034000.csv.gz,0.6
pse.a11.1.1.S11.3.1969.202.13_00_42_731000.csv.gz,0.6
pse.a11.1.1.S11.3.1969.202.13_03_07_599000.csv.gz,0.6
pse.a11.1.1.S11.3.1969.202.13_20_38_166000.csv.gz,0.6
pse.a11.1.1.S11.3.1969.202.13_23_21_181000.csv.gz,0.6
pse.a11.1.1.S11.3.1969.202.13_29_59_667000.csv.gz,0.6
pse.a11.1.1.S11.3.1969.202.13_35_07_626000.csv.gz,0.6

pse.a11.1.1.S11.11.1969.202.19_14_43_044000.csv.gz,0.6

pse.a11.1.1.S11.11.1969.202.19_38_15_870000.csv.gz,0.6
pse.a11.1.1.S11.11.1969.202.21_51_05_674000.csv.gz,0.6
pse.a11.1.1.S11.11.1969.202.22_15_32_848000.csv.gz,0.6
pse.a11.1.1.S11.11.1969.202.22_28_49_830000.csv.gz,0.6
pse.a11.1.1.S11.11.1969.202.22_33_39_640000.csv.gz,0.6
pse.a11.1.1.S11.11.1969.202.22_44_49_833000.csv.gz,0.6
pse.a11.1.1.S11.11.1969.202.22_48_27_192000.csv.gz,0.6
pse.a11.1.1.S11.11.1969.202.23_14_06_817000.csv.gz,0.6
pse.a11.1.1.S11.11.1969.202.23_17_07_950000.csv.gz,0.6
pse.a11.1.1.S11.11.1969.202.23_20_09_082000.csv.gz,0.6
pse.a11.1.1.S11.11.1969.202.23_25_17_010000.csv.gz,0.6
pse.a11.1.1.S11.11.1969.202.23_27_41_914000.csv.gz,0.6
pse.a11.1.1.S11.11.1969.202.23_31_01_160000.csv.gz,0.6
pse.a11.1.1.S11.11.1969.202.23_35_32_861000.csv.gz,0.6
pse.a11.1.1.S11.11.1969.202.23_37_57_766000.csv.gz,0.6
pse.a11.1.1.S11.11.1969.202.23_41_17_012000.csv.gz,0.6
pse.a11.1.1.S11.11.1969.202.23_47_01_166000.csv.gz,0.6

pse.a11.1.1.S11.11.1969.203.00_00_00_036000.csv.gz,0.6
pse.a11.1.1.S11.11.1969.203.00_05_07_962000.csv.gz,0.6
pse.a11.1.1.S11.11.1969.203.00_44_40_805000.csv.gz,0.6

#pse.a11.1.1.S11.1.1969.203.01_03_58_246000.csv.gz,0.6

#pse.a11.1.3.S11.9.1969.203.14_14_51_196000.csv.gz,0.6

pse.a11.1.16.S11.3.1969.232.00_00_00_062000.csv.gz,0.6
pse.a11.1.16.S11.3.1969.232.00_19_06_620000.csv.gz,0.6
pse.a11.1.16.S11.3.1969.232.01_01_07_359000.csv.gz,0.6
pse.a11.1.16.S11.3.1969.232.01_07_09_621000.csv.gz,0.6
pse.a11.1.16.S11.3.1969.232.01_40_06_367000.csv.gz,0.6
pse.a11.1.16.S11.3.1969.232.01_44_03_045000.csv.gz,0.6
pse.a11.1.16.S11.3.1969.232.01_51_02_667000.csv.gz,0.6
pse.a11.1.16.S11.3.1969.232.02_18_26_133000.csv.gz,0.6
pse.a11.1.16.S11.3.1969.232.02_35_12_018000.csv.gz,0.6
pse.a11.1.16.S11.3.1969.232.02_49_50_507000.csv.gz,0.6
pse.a11.1.16.S11.3.1969.232.02_56_03_639000.csv.gz,0.6
pse.a11.1.16.S11.3.1969.232.03_49_30_278000.csv.gz,0.6

pse.a11.1.16.S11.5.1969.231.06_19_45_074000.csv.gz,0.6
pse.a11.1.16.S11.5.1969.231.06_53_39_726000.csv.gz,0.6
pse.a11.1.16.S11.3.1969.231.22_57_53_001000.csv.gz,0.6

pse.a12.4.6.S12.14.1971.120.04_07_00_105000.csv.gz,1.0
pse.a12.4.6.S12.14.1971.120.06_35_05_461000.csv.gz,1.0
pse.a12.4.6.S12.14.1971.120.09_09_56_541000.csv.gz,1.0
pse.a12.4.6.S12.14.1971.120.09_16_01_205000.csv.gz,1.0
pse.a12.4.6.S12.14.1971.120.09_46_17_280000.csv.gz,1.0

pse.a14.1.114.S14.12.1971.149.21_28_03_837000.csv.gz,-2.0

pse.a14.1.114.S14.12.1971.150.00_00_00_221000.csv.gz,-2.0
pse.a14.1.115.S14.12.1971.150.22_40_24_503000.csv.gz,-2.0

pse.a14.1.115.S14.12.1971.151.00_00_00_040000.csv.gz,-2.0
pse.a14.1.115.S14.12.1971.151.01_13_17_639000.csv.gz,-2.0
pse.a14.1.115.S14.12.1971.151.03_11_48_425000.csv.gz,-2.0


pse.a14.1.149.S14.6.1971.185.01_25_26_071000.csv.gz,-4.0
pse.a14.1.149.S14.6.1971.185.01_30_30_351000.csv.gz,-4.0
pse.a14.1.149.S14.6.1971.185.01_38_32_733000.csv.gz,-4.0
pse.a14.1.149.S14.6.1971.185.01_41_15_135000.csv.gz,-4.0

pse.a14.1.166.S14.5.1971.201.23_25_25_216000.csv.gz,-2.0

pse.a14.1.166.S14.5.1971.202.00_00_00_246000.csv.gz,-2.0
pse.a14.1.166.S14.5.1971.202.01_13_25_083000.csv.gz,-2.0
pse.a14.1.166.S14.5.1971.202.01_57_08_304000.csv.gz,-2.0

pse.a12.5.155.S12.14.1972.096.18_16_29_042000.csv.gz,1.0

pse.a12.5.155.S12.14.1972.097.00_00_00_081000.csv.gz,1.0

pse.a12.6.126.S12.14.1972.357.14_34_56_177000.csv.gz,1.0
pse.a12.6.126.S12.14.1972.357.17_09_49_156000.csv.gz,1.0
pse.a12.6.126.S12.14.1972.357.19_10_39_639000.csv.gz,1.0
pse.a12.6.126.S12.14.1972.357.20_08_27_000000.csv.gz,1.0

pse.a14.3.69.S14.14.1972.096.18_16_36_062000.csv.gz,1.0

pse.a14.3.69.S14.14.1972.097.00_00_00_208000.csv.gz,1.0

pse.a15.1.157.S15.2.1972.002.21_32_21_873000.csv.gz,-0.8

pse.a15.1.157.S15.2.1972.003.00_00_00_548000.csv.gz,-0.8

pse.a15.2.69.S15.14.1972.096.18_16_22_557000.csv.gz,1.0
pse.a15.2.70.S15.14.1972.096.18_52_00_422000.csv.gz,1.0

pse.a15.2.70.S15.14.1972.097.00_00_00_545000.csv.gz,1.0

pse.a15.3.8.S15.11.1972.213.07_32_52_658000.csv.gz,-2.0




pse.a16.1.19.S16.4.1972.131.15_33_49_795000.csv.gz,1.0

pse.a12.6.221.S12.3.1973.087.23_36_19_391000.csv.gz,-2.0

pse.a12.6.221.S12.3.1973.088.00_00_00_600000.csv.gz,-2.0
pse.a12.6.221.S12.3.1973.088.01_06_56_082000.csv.gz,-2.0
pse.a12.6.221.S12.3.1973.088.03_41_13_217000.csv.gz,-2.0


wtn.1.25.S12.3.1976.071.17_55_11_628000.csv.gz,0.8

wtn.1.28.S12.7.1976.072.15_34_59_144000.csv.gz,0.8
wtn.1.28.S12.7.1976.072.18_03_42_064000.csv.gz,0.8

wtn.1.30.S12.7.1976.073.16_57_59_293000.csv.gz,0.8
wtn.1.31.S12.7.1976.073.21_22_59_318000.csv.gz,0.8

wtn.1.31.S12.7.1976.074.00_00_00_403000.csv.gz,0.8
wtn.1.31.S12.700.1976.074.00_52_59_209000.csv.gz,0.8
wtn.1.32.S12.7.1976.074.18_02_08_306000.csv.gz,0.8
wtn.1.33.S12.7.1976.074.21_21_41_494000.csv.gz,0.8

wtn.1.33.S12.7.1976.075.00_00_00_477000.csv.gz,0.8
wtn.1.33.S12.700.1976.075.01_44_59_530000.csv.gz,0.8

wtn.1.49.S12.7.1976.083.02_16_59_015000.csv.gz,0.8

wtn.1.51.S12.7.1976.084.06_49_59_071000.csv.gz,0.8

wtn.1.55.S12.500.1976.085.23_57_59_087000.csv.gz,0.8

wtn.1.55.S12.500.1976.086.00_00_00_441000.csv.gz,0.8
wtn.1.55.S12.7.1976.086.06_45_59_300000.csv.gz,0.8

wtn.2.10.S12.3.1976.092.15_27_20_857000.csv.gz,0.8

wtn.2.22.S12.7.1976.097.19_51_55_919000.csv.gz,0.8

wtn.2.22.S12.7.1976.098.00_00_00_122000.csv.gz,0.8

wtn.2.26.S12.7.1976.099.12_55_59_230000.csv.gz,0.8
wtn.2.25.S12.7.1976.099.12_55_59_230000.csv.gz,0.8
wtn.2.27.S12.7.1976.099.18_28_02_884000.csv.gz,0.8
wtn.2.27.S12.701.1976.099.20_43_39_596000.csv.gz,0.8

wtn.2.27.S12.701.1976.100.00_00_00_532000.csv.gz,0.8
wtn.2.27.S12.700.1976.100.00_20_32_178000.csv.gz,0.8

wtn.2.31.S12.7.1976.101.15_48_54_450000.csv.gz,0.8
wtn.2.32.S12.7.1976.101.21_20_58_294000.csv.gz,0.8

wtn.2.36.S12.7.1976.103.17_39_59_635000.csv.gz,0.8
wtn.2.36.S12.700.1976.103.21_33_59_473000.csv.gz,0.8
wtn.2.37.S12.7.1976.103.23_45_09_494000.csv.gz,0.8

wtn.2.37.S12.7.1976.104.00_00_00_041000.csv.gz,0.8
wtn.2.38.S12.7.1976.104.21_58_23_029000.csv.gz,0.8

wtn.2.38.S12.7.1976.105.00_00_00_091000.csv.gz,0.8
wtn.2.40.S12.7.1976.105.22_41_59_878000.csv.gz,0.8

wtn.2.40.S12.7.1976.106.00_00_00_239000.csv.gz,0.8

wtn.2.40.S12.7.1976.106.00_00_00_239000.csv.gz

wtn.2.48.S12.7.1976.111.00_58_59_253000.csv.gz,0.8
wtn.2.48.S12.7.1976.111.05_19_59_548000.csv.gz,0.8

wtn.2.53.S12.7.1976.114.11_19_58_861000.csv.gz,0.8

wtn.3.27.S12.7.1976.132.23_35_23_343000.csv.gz,0.8

wtn.3.27.S12.7.1976.133.00_00_00_137000.csv.gz,0.8

wtn.3.30.S12.7.1976.134.19_43_59_093000.csv.gz,0.8

wtn.3.30.S12.7.1976.135.00_00_00_474000.csv.gz,0.8
wtn.3.31.S12.7.1976.135.22_42_07_306000.csv.gz,0.8

wtn.3.31.S12.7.1976.136.00_00_00_413000.csv.gz,0.8
wtn.3.32.S12.7.1976.136.00_35_19_613000.csv.gz,0.8
wtn.3.32.S12.700.1976.136.01_35_30_103000.csv.gz,0.8
wtn.3.33.S12.7.1976.136.22_07_52_112000.csv.gz,0.8

wtn.3.33.S12.7.1976.137.00_00_00_419000.csv.gz,0.8
wtn.3.33.S12.700.1976.137.05_23_20_472000.csv.gz,0.8
wtn.3.35.S12.7.1976.137.22_50_59_248000.csv.gz,0.8

wtn.3.35.S12.7.1976.138.00_00_00_443000.csv.gz,0.8
wtn.3.35.S12.700.1976.138.06_42_26_065000.csv.gz,0.8
wtn.3.37.S12.7.1976.138.23_34_59_585000.csv.gz,0.8

wtn.3.37.S12.7.1976.139.00_00_00_536000.csv.gz,0.8
wtn.3.37.S12.700.1976.139.07_36_58_554000.csv.gz,0.8

wtn.3.40.S12.7.1976.141.01_39_59_300000.csv.gz,0.8

wtn.3.42.S12.7.1976.142.01_39_08_450000.csv.gz,0.8

wtn.5.7.S12.3.1976.180.11_36_19_471000.csv.gz,0.8
wtn.5.8.S12.3.1976.180.11_58_10_809000.csv.gz,0.8

wtn.5.30.S12.7.1976.190.17_22_59_341000.csv.gz,0.8

wtn.5.33.S12.7.1976.191.18_32_59_504000.csv.gz,0.8
wtn.5.34.S12.7.1976.191.21_20_06_699000.csv.gz,0.8

wtn.5.34.S12.7.1976.192.00_00_00_408000.csv.gz,0.8
wtn.5.34.S12.700.1976.192.02_17_12_044000.csv.gz,0.8

wtn.5.36.S12.7.1976.192.19_15_14_920000.csv.gz,0.8

wtn.5.39.S12.7.1976.193.23_31_33_128000.csv.gz,0.8

wtn.5.39.S12.7.1976.194.00_00_00_561000.csv.gz,0.8

wtn.5.50.S12.700.1976.197.23_33_50_835000.csv.gz,0.8

wtn.5.50.S12.700.1976.198.00_00_00_011000.csv.gz,0.8

wtn.7.49.S12.7.1976.250.19_45_38_433000.csv.gz,0.8

wtn.7.50.S12.7.1976.252.00_00_00_452000.csv.gz,0.8
wtn.7.51.S12.7.1976.252.01_10_54_508000.csv.gz,0.8
wtn.7.51.S12.700.1976.252.02_08_57_571000.csv.gz,0.8
wtn.7.52.S12.7.1976.252.22_06_49_103000.csv.gz,0.8

wtn.7.53.S12.7.1976.254.04_19_59_017000.csv.gz,0.8
wtn.7.54.S12.7.1976.254.20_54_59_476000.csv.gz,0.8

wtn.7.54.S12.7.1976.255.00_00_00_095000.csv.gz,0.8

wtn.8.2.S12.7.1976.256.21_46_59_595000.csv.gz,0.8

wtn.8.2.S12.7.1976.257.00_00_00_010000.csv.gz,0.8
wtn.8.2.S12.700.1976.257.05_12_13_297000.csv.gz,0.8
wtn.8.3.S12.7.1976.257.21_40_20_185000.csv.gz,0.8

wtn.8.5.S12.7.1976.259.00_00_00_046000.csv.gz,0.8
wtn.8.5.S12.500.1976.259.00_00_00_457000.csv.gz,0.8
wtn.8.6.S12.7.1976.259.06_07_06_850000.csv.gz,0.8
wtn.8.6.S12.700.1976.259.08_08_19_094000.csv.gz,0.8
wtn.8.7.S12.7.1976.259.22_54_01_734000.csv.gz,0.8

wtn.8.7.S12.7.1976.260.00_00_00_564000.csv.gz,0.8
wtn.8.7.S12.700.1976.260.06_28_59_392000.csv.gz,0.8
wtn.8.8.S12.7.1976.260.23_51_59_598000.csv.gz,0.8

wtn.8.8.S12.7.1976.261.00_00_00_190000.csv.gz,0.8
wtn.8.9.S12.7.1976.261.03_06_12_761000.csv.gz,0.8
wtn.8.10.S12.7.1976.261.06_10_30_632000.csv.gz,0.8

wtn.8.11.S12.7.1976.262.01_15_15_388000.csv.gz,0.8
wtn.8.11.S12.8.1976.262.09_12_34_696000.csv.gz,0.8

wtn.8.15.S12.7.1976.264.04_29_58_916000.csv.gz,0.8

wtn.8.40.S12.7.1976.277.15_58_59_575000.csv.gz,0.8
wtn.8.41.S12.7.1976.277.20_30_31_488000.csv.gz,0.8

wtn.8.42.S12.7.1976.278.16_26_59_101000.csv.gz,0.8

wtn.8.44.S12.7.1976.279.17_14_58_976000.csv.gz,0.8

wtn.8.44.S12.7.1976.280.00_00_00_119000.csv.gz,0.8
wtn.8.45.S12.7.1976.280.18_01_19_037000.csv.gz,0.8
wtn.8.45.S12.700.1976.280.20_43_07_405000.csv.gz,0.8
wtn.8.46.S12.7.1976.280.23_40_35_825000.csv.gz,0.8

wtn.8.46.S12.7.1976.281.00_00_00_468000.csv.gz,0.8
wtn.8.46.S12.700.1976.281.02_31_32_418000.csv.gz,0.8
wtn.8.47.S12.7.1976.281.18_37_59_436000.csv.gz,0.8
wtn.8.48.S12.7.1976.281.20_48_59_103000.csv.gz,0.8

wtn.8.48.S12.7.1976.282.00_00_00_170000.csv.gz,0.8
wtn.8.49.S12.7.1976.282.19_34_59_393000.csv.gz,0.8
wtn.8.49.S12.700.1976.282.20_57_59_156000.csv.gz,0.8

wtn.8.49.S12.700.1976.283.00_00_00_467000.csv.gz,0.8
wtn.8.50.S12.7.1976.283.01_06_57_849000.csv.gz,0.8
wtn.8.50.S12.7.1976.283.02_29_58_827000.csv.gz,0.8
wtn.8.50.S12.7.1976.283.02_30_07_883000.csv.gz,0.8
wtn.8.50.S12.7.1976.283.03_25_43_632000.csv.gz,0.8
wtn.8.50.S12.7.1976.283.03_28_53_814000.csv.gz,0.8
wtn.8.50.S12.7.1976.283.03_32_31_770000.csv.gz,0.8
wtn.8.50.S12.7.1976.283.03_47_02_988000.csv.gz,0.8
wtn.8.52.S12.7.1976.283.19_44_41_717000.csv.gz,0.8

wtn.8.52.S12.7.1976.284.00_00_00_165000.csv.gz,0.8
wtn.8.53.S12.7.1976.284.02_21_58_539000.csv.gz,0.8
wtn.8.53.S12.7.1976.284.19_54_25_247000.csv.gz,0.8

wtn.8.55.S12.7.1976.285.20_09_58_945000.csv.gz,0.8

wtn.8.55.S12.7.1976.286.00_00_00_153000.csv.gz,0.8
wtn.9.1.S12.7.1976.286.21_24_59_008000.csv.gz,0.8

wtn.9.1.S12.7.1976.287.00_00_00_441000.csv.gz,0.8
wtn.9.2.S12.7.1976.287.21_37_59_385000.csv.gz,0.8

wtn.9.2.S12.7.1976.288.00_00_00_171000.csv.gz,0.8
wtn.9.3.S12.7.1976.288.22_32_18_287000.csv.gz,0.8

wtn.9.3.S12.7.1976.289.00_00_00_017000.csv.gz,0.8
wtn.9.4.S12.7.1976.289.01_50_20_199000.csv.gz,0.8
wtn.9.4.S12.3.1976.289.13_33_03_164000.csv.gz,0.4
wtn.9.5.S12.7.1976.289.23_44_59_308000.csv.gz,0.8

wtn.9.5.S12.7.1976.290.00_00_00_115000.csv.gz,0.8

wtn.9.6.S12.7.1976.291.00_49_58_960000.csv.gz,0.8

wtn.9.26.S12.7.1976.306.15_18_19_354000.csv.gz,0.8
wtn.9.26.S12.701.1976.306.18_40_59_268000.csv.gz,0.8
wtn.9.26.S12.700.1976.306.19_06_52_305000.csv.gz,0.8

wtn.9.28.S12.7.1976.307.15_58_58_958000.csv.gz,0.8
wtn.9.27.S12.7.1976.307.19_17_31_720000.csv.gz,0.8
wtn.9.27.S12.3.1976.307.19_23_44_453000.csv.gz,0.4

wtn.9.31.S12.7.1976.309.17_15_00_855000.csv.gz,0.8

wtn.9.34.S12.7.1976.311.18_00_31_058000.csv.gz,0.8

wtn.9.34.S12.7.1976.312.00_00_00_176000.csv.gz,0.8
wtn.9.34.S12.700.1976.312.01_21_15_496000.csv.gz,0.8
wtn.9.34.S12.701.1976.312.01_33_21_815000.csv.gz,0.8
wtn.9.35.S12.7.1976.312.18_39_59_291000.csv.gz,0.8

wtn.9.35.S12.7.1976.313.00_00_00_483000.csv.gz,0.8
wtn.9.35.S12.701.1976.313.02_31_58_991000.csv.gz,0.8
wtn.9.35.S12.700.1976.313.04_27_20_436000.csv.gz,0.8
wtn.9.36.S12.7.1976.313.19_15_47_752000.csv.gz,0.8
wtn.9.37.S12.7.1976.313.20_50_03_117000.csv.gz,0.8

wtn.9.37.S12.7.1976.314.00_00_00_185000.csv.gz,0.8
wtn.9.37.S12.700.1976.314.03_38_04_151000.csv.gz,0.8
wtn.9.37.S12.7.1976.314.04_09_59_262000.csv.gz,0.8
wtn.9.38.S12.7.1976.314.22_02_15_371000.csv.gz,0.8

wtn.9.38.S12.7.1976.315.00_00_00_503000.csv.gz,0.8
wtn.9.38.S12.700.1976.315.05_32_14_672000.csv.gz,0.8
wtn.9.39.S12.7.1976.315.20_49_14_241000.csv.gz,0.8

wtn.9.39.S12.7.1976.316.00_00_00_210000.csv.gz,0.8
wtn.9.39.S12.700.1976.316.04_24_58_879000.csv.gz,0.8
wtn.9.40.S12.7.1976.316.21_18_01_300000.csv.gz,0.8
wtn.9.40.S12.700.1976.316.23_43_59_359000.csv.gz,0.8

wtn.9.40.S12.700.1976.317.00_00_00_535000.csv.gz,0.8
wtn.9.41.S12.7.1976.317.07_06_44_573000.csv.gz,0.8
wtn.9.42.S12.7.1976.317.07_43_46_391000.csv.gz,0.8
wtn.9.44.S12.7.1976.317.22_13_59_166000.csv.gz,0.8

wtn.9.44.S12.7.1976.318.00_00_00_329000.csv.gz,0.8
wtn.9.44.S12.700.1976.318.05_00_51_408000.csv.gz,0.8

wtn.9.46.S12.7.1976.319.00_02_59_015000.csv.gz,0.8
wtn.9.46.S12.700.1976.319.06_28_44_059000.csv.gz,0.8

wtn.9.48.S12.7.1976.320.01_09_59_798000.csv.gz,0.8
wtn.9.48.S12.700.1976.320.06_41_59_089000.csv.gz,0.8
wtn.9.48.S12.3.1976.320.13_55_34_834000.csv.gz,0.4
wtn.9.49.S12.3.1976.320.13_55_34_834000.csv.gz,0.4

wtn.9.49.S12.7.1976.321.02_07_34_987000.csv.gz,0.8
wtn.9.50.S12.7.1976.321.04_17_23_604000.csv.gz,0.8

wtn.9.54.S12.7.1976.324.04_45_59_169000.csv.gz,0.8
wtn.9.55.S12.7.1976.324.12_07_59_184000.csv.gz,0.8

wtn.10.29.S12.7.1976.340.23_04_59_299000.csv.gz,0.8

wtn.10.29.S12.7.1976.341.00_00_00_025000.csv.gz,0.8
wtn.10.30.S12.7.1976.341.02_59_31_616000.csv.gz,0.8

wtn.10.33.S12.7.1976.342.18_52_12_989000.csv.gz,0.8

wtn.10.33.S12.7.1976.343.00_00_00_015000.csv.gz,0.8
wtn.10.34.S12.7.1976.343.19_21_59_206000.csv.gz,0.8
wtn.10.35.S12.7.1976.343.20_22_03_617000.csv.gz,0.8

wtn.10.35.S12.7.1976.344.00_00_00_330000.csv.gz,0.8
wtn.10.36.S12.7.1976.344.20_22_22_673000.csv.gz,0.8

wtn.10.36.S12.7.1976.345.00_00_00_066000.csv.gz,0.8
wtn.10.37.S12.7.1976.345.01_54_25_963000.csv.gz,0.8

wtn.10.40.S12.7.1976.346.23_00_59_143000.csv.gz,0.8

wtn.10.40.S12.7.1976.347.00_00_00_163000.csv.gz,0.8

wtn.11.15.S12.3.1976.364.17_25_16_795000.csv.gz,0.4
wtn.11.16.S12.3.1976.364.19_47_36_717000.csv.gz,0.4

wtn.1.15.S14.700.1976.068.00_00_00_144000.csv.gz,0.8

wtn.1.23.S14.3.1976.070.17_21_05_035000.csv.gz,0.8

wtn.1.30.S14.7.1976.073.16_57_59_279000.csv.gz,0.8
wtn.1.31.S14.7.1976.073.21_22_59_719000.csv.gz,0.8

wtn.1.31.S14.7.1976.074.00_00_00_338000.csv.gz,0.8
wtn.1.31.S14.700.1976.074.00_52_58_986000.csv.gz,0.8
wtn.1.31.S14.8.1976.074.03_50_58_789000.csv.gz,0.8
wtn.1.32.S14.7.1976.074.18_01_59_051000.csv.gz,0.8
wtn.1.33.S14.7.1976.074.21_21_41_328000.csv.gz,0.8

wtn.1.33.S14.7.1976.075.00_00_00_465000.csv.gz,0.8
wtn.1.33.S14.700.1976.075.01_44_59_219000.csv.gz,0.8

wtn.3.42.S14.7.1976.142.02_03_57_437000.csv.gz,0.8
wtn.3.42.S14.7.1976.142.03_00_25_102000.csv.gz,0.8
wtn.3.42.S14.7.1976.142.03_18_20_993000.csv.gz,0.8
wtn.3.42.S14.7.1976.142.03_38_00_124000.csv.gz,0.8
wtn.3.42.S14.7.1976.142.03_43_05_624000.csv.gz,0.8
wtn.3.42.S14.7.1976.142.04_10_59_836000.csv.gz,0.8
wtn.3.42.S14.7.1976.142.04_36_19_485000.csv.gz,0.8
wtn.3.42.S14.7.1976.142.05_01_37_928000.csv.gz,0.8
wtn.3.42.S14.7.1976.142.05_44_52_261000.csv.gz,0.8
wtn.3.42.S14.7.1976.142.06_03_43_094000.csv.gz,0.8

wtn.3.44.S14.7.1976.143.02_15_20_101000.csv.gz,0.8
wtn.3.44.S14.7.1976.143.04_02_28_894000.csv.gz,0.8
wtn.3.44.S14.7.1976.143.06_33_46_980000.csv.gz,0.8
wtn.3.44.S14.700.1976.143.06_40_49_610000.csv.gz,0.8
wtn.3.45.S14.7.1976.143.08_37_01_804000.csv.gz,0.8

wtn.3.46.S14.7.1976.144.04_45_08_062000.csv.gz,0.8
wtn.3.47.S14.7.1976.144.07_10_45_917000.csv.gz,0.8

wtn.21.21.S14.3.1976.174.13_42_03_240000.csv.gz,0.8
wtn.21.21.S14.300.1976.174.17_37_45_323000.csv.gz,0.8
wtn.21.21.S14.301.1976.174.17_42_06_151000.csv.gz,0.8

wtn.5.25.S14.7.1976.188.17_34_04_438000.csv.gz,0.8

wtn.5.30.S14.7.1976.190.17_24_30_368000.csv.gz,0.8

wtn.5.33.S14.7.1976.191.18_32_59_254000.csv.gz,0.8
wtn.5.34.S14.7.1976.191.21_20_06_419000.csv.gz,0.8

wtn.5.34.S14.7.1976.192.00_00_00_097000.csv.gz,0.8
wtn.5.36.S14.7.1976.192.19_15_14_975000.csv.gz,0.8

wtn.5.39.S14.7.1976.193.23_31_32_759000.csv.gz,0.8

wtn.5.39.S14.7.1976.194.00_00_00_185000.csv.gz,0.8

wtn.5.50.S14.700.1976.197.23_33_50_593000.csv.gz,0.8

wtn.5.50.S14.700.1976.198.00_00_00_360000.csv.gz,0.8

wtn.6.5.S14.3.1976.202.13_37_09_850000.csv.gz,0.8

wtn.7.49.S14.7.1976.250.19_45_37_575000.csv.gz,0.8

wtn.7.49.S14.7.1976.251.00_00_00_448000.csv.gz,0.8
wtn.7.49.S14.700.1976.251.01_51_42_451000.csv.gz,0.8
wtn.7.50.S14.7.1976.251.19_19_59_089000.csv.gz,0.8

wtn.7.50.S14.7.1976.252.00_00_00_316000.csv.gz,0.8
wtn.7.51.S14.7.1976.252.01_10_54_209000.csv.gz,0.8
wtn.7.51.S14.700.1976.252.02_08_57_140000.csv.gz,0.8

wtn.7.54.S14.7.1976.254.20_54_59_486000.csv.gz,0.8

wtn.7.54.S14.7.1976.255.00_00_00_322000.csv.gz,0.8

wtn.8.2.S14.7.1976.256.21_46_59_292000.csv.gz,0.8

wtn.8.2.S14.7.1976.257.00_00_00_007000.csv.gz,0.8
wtn.8.2.S14.700.1976.257.05_12_13_172000.csv.gz,0.8

wtn.8.5.S14.7.1976.259.00_00_00_117000.csv.gz,0.8
wtn.8.6.S14.7.1976.259.06_07_06_526000.csv.gz,0.8
wtn.8.6.S14.700.1976.259.08_08_19_040000.csv.gz,0.8
wtn.8.7.S14.7.1976.259.22_54_01_583000.csv.gz,0.8

wtn.8.7.S14.7.1976.260.00_00_00_220000.csv.gz,0.8
wtn.8.7.S14.700.1976.260.06_28_59_712000.csv.gz,0.8
wtn.8.8.S14.7.1976.260.23_51_59_730000.csv.gz,0.8

wtn.8.8.S14.7.1976.261.00_00_00_296000.csv.gz,0.8
wtn.8.9.S14.7.1976.261.03_06_12_871000.csv.gz,0.8
wtn.8.10.S14.7.1976.261.06_10_30_136000.csv.gz,0.8

wtn.8.11.S14.7.1976.262.01_15_15_322000.csv.gz,0.8
wtn.8.11.S14.8.1976.262.09_12_34_313000.csv.gz,0.8

wtn.8.15.S14.7.1976.264.04_29_59_027000.csv.gz,0.8

wtn.8.38.S14.7.1976.276.15_17_23_496000.csv.gz,0.8

wtn.8.44.S14.7.1976.279.17_14_59_019000.csv.gz,0.8

wtn.8.44.S14.7.1976.280.00_00_00_283000.csv.gz,0.8
wtn.8.45.S14.7.1976.280.18_01_18_897000.csv.gz,0.8
wtn.8.45.S14.700.1976.280.20_43_28_009000.csv.gz,0.8
wtn.8.46.S14.7.1976.280.23_40_35_483000.csv.gz,0.8

wtn.8.46.S14.7.1976.281.00_00_00_080000.csv.gz,0.8
wtn.8.46.S14.700.1976.281.02_31_32_883000.csv.gz,0.8
wtn.8.47.S14.7.1976.281.18_37_59_527000.csv.gz,0.8
wtn.8.48.S14.7.1976.281.20_48_59_511000.csv.gz,0.8

wtn.8.48.S14.7.1976.282.00_00_00_163000.csv.gz,0.8
wtn.8.49.S14.7.1976.282.19_34_59_305000.csv.gz,0.8
wtn.8.49.S14.700.1976.282.20_57_59_498000.csv.gz,0.8

wtn.8.49.S14.700.1976.283.00_00_00_431000.csv.gz,0.8
wtn.8.50.S14.7.1976.283.01_07_32_691000.csv.gz,0.8
wtn.8.50.S14.7.1976.283.02_05_59_782000.csv.gz,0.8
wtn.8.50.S14.7.1976.283.02_09_13_581000.csv.gz,0.8
wtn.8.50.S14.7.1976.283.02_29_59_084000.csv.gz,0.8
wtn.8.50.S14.7.1976.283.02_30_08_140000.csv.gz,0.8
wtn.8.50.S14.7.1976.283.03_01_20_923000.csv.gz,0.8
wtn.8.50.S14.7.1976.283.03_25_43_774000.csv.gz,0.8
wtn.8.50.S14.7.1976.283.03_28_53_950000.csv.gz,0.8
wtn.8.50.S14.7.1976.283.03_32_31_898000.csv.gz,0.8
wtn.8.50.S14.7.1976.283.03_48_27_006000.csv.gz,0.8

wtn.9.44.S14.7.1976.317.22_13_59_618000.csv.gz,0.8

wtn.9.44.S14.7.1976.318.00_00_00_484000.csv.gz,0.8
wtn.9.44.S14.700.1976.318.05_00_51_318000.csv.gz,0.8

wtn.9.46.S14.7.1976.319.00_02_59_200000.csv.gz,0.8
wtn.9.46.S14.700.1976.319.06_28_43_669000.csv.gz,0.8

wtn.9.48.S14.7.1976.320.01_09_59_450000.csv.gz,0.8
wtn.9.48.S14.700.1976.320.06_41_59_417000.csv.gz,0.8
wtn.9.49.S14.3.1976.320.13_55_34_736000.csv.gz,0.4
wtn.9.48.S14.3.1976.320.13_55_34_736000.csv.gz,0.4

wtn.9.49.S14.7.1976.321.02_07_34_816000.csv.gz,0.8
wtn.9.50.S14.7.1976.321.04_17_23_199000.csv.gz,0.8

wtn.10.29.S14.7.1976.340.23_04_59_097000.csv.gz,0.8

wtn.10.29.S14.7.1976.341.00_00_00_305000.csv.gz,0.8
wtn.10.30.S14.7.1976.341.02_59_31_501000.csv.gz,0.8

wtn.10.33.S14.7.1976.342.18_52_12_658000.csv.gz,0.8

wtn.10.33.S14.7.1976.343.00_00_00_259000.csv.gz,0.8
wtn.10.34.S14.7.1976.343.19_21_59_458000.csv.gz,0.8
wtn.10.35.S14.7.1976.343.20_22_03_745000.csv.gz,0.8

wtn.10.35.S14.7.1976.344.00_00_00_000000.csv.gz,0.8
wtn.10.36.S14.7.1976.344.20_22_22_730000.csv.gz,0.8

wtn.10.36.S14.7.1976.345.00_00_00_244000.csv.gz,0.8
wtn.10.37.S14.7.1976.345.01_54_25_886000.csv.gz,0.8

wtn.10.40.S14.7.1976.346.23_00_59_194000.csv.gz,0.8

wtn.10.40.S14.7.1976.347.00_00_00_061000.csv.gz,0.8



wtn.1.14.S16.7.1976.067.10_25_59_180000.csv.gz,0.8
wtn.1.15.S16.7.1976.067.14_51_38_201000.csv.gz,0.8
wtn.1.15.S16.7.1976.067.20_44_07_558000.csv.gz,0.8
wtn.1.15.S16.700.1976.067.23_16_59_126000.csv.gz,0.8

wtn.1.15.S16.700.1976.068.00_00_00_155000.csv.gz,0.8
wtn.1.18.S16.7.1976.068.11_54_59_347000.csv.gz,0.8
wtn.1.18.S16.3.1976.068.15_21_19_109000.csv.gz,0.8
wtn.11.21.S16.3.1976.068.19_15_28_181000.csv.gz,0.8

wtn.1.30.S16.7.1976.073.16_57_59_492000.csv.gz,0.8
wtn.1.31.S16.7.1976.073.21_22_59_655000.csv.gz,0.8

wtn.1.31.S16.7.1976.074.00_00_00_463000.csv.gz,0.8
wtn.1.31.S16.700.1976.074.00_52_59_174000.csv.gz,0.8
wtn.1.32.S16.7.1976.074.18_01_59_176000.csv.gz,0.8
wtn.1.33.S16.7.1976.074.21_21_41_660000.csv.gz,0.8

wtn.1.33.S16.7.1976.075.00_00_00_353000.csv.gz,0.8
wtn.1.33.S16.700.1976.075.01_44_59_214000.csv.gz,0.8


wtn.1.47.S16.7.1976.082.01_49_59_497000.csv.gz,0.8

wtn.1.53.S16.7.1976.085.04_49_59_184000.csv.gz,0.8
wtn.1.54.S16.7.1976.085.07_59_53_209000.csv.gz,0.8
wtn.1.55.S16.500.1976.085.23_57_58_970000.csv.gz,0.8

wtn.1.55.S16.500.1976.086.00_00_00_325000.csv.gz,0.8
wtn.1.55.S16.7.1976.086.06_45_59_365000.csv.gz,0.8

wtn.2.21.S16.7.1976.097.11_53_49_838000.csv.gz,0.8
wtn.2.22.S16.7.1976.097.19_51_56_041000.csv.gz,0.8

wtn.2.22.S16.7.1976.098.00_00_00_143000.csv.gz,0.8
wtn.2.24.S16.3.1976.098.15_50_01_859000.csv.gz,0.8
wtn.2.24.S16.3.1976.098.15_58_19_340000.csv.gz,0.8

wtn.2.25.S16.7.1976.099.12_55_58_988000.csv.gz,0.8
wtn.2.26.S16.7.1976.099.12_55_58_988000.csv.gz,0.8
wtn.2.27.S16.7.1976.099.18_28_02_373000.csv.gz,0.8
wtn.2.27.S16.701.1976.099.20_43_39_576000.csv.gz,0.8

wtn.2.27.S16.701.1976.100.00_00_00_351000.csv.gz,0.8
wtn.2.27.S16.700.1976.100.00_20_31_980000.csv.gz,0.8
wtn.2.28.S16.7.1976.100.14_58_05_929000.csv.gz,0.8
wtn.2.29.S16.7.1976.100.21_40_38_550000.csv.gz,0.8

wtn.2.36.S16.7.1976.103.17_39_59_157000.csv.gz,0.8
wtn.2.36.S16.700.1976.103.21_33_59_188000.csv.gz,0.8
wtn.2.37.S16.7.1976.103.23_45_08_978000.csv.gz,0.8

wtn.2.37.S16.7.1976.104.00_00_00_103000.csv.gz,0.8
wtn.2.37.S16.7.1976.104.02_38_59_251000.csv.gz,0.8
wtn.2.38.S16.7.1976.104.18_28_59_245000.csv.gz,0.8
wtn.2.38.S16.7.1976.104.21_58_22_525000.csv.gz,0.8

wtn.2.38.S16.7.1976.105.00_00_00_569000.csv.gz,0.8
wtn.2.40.S16.7.1976.105.22_41_59_598000.csv.gz,0.8

wtn.2.40.S16.7.1976.106.00_00_00_414000.csv.gz,0.8
wtn.2.41.S16.7.1976.106.21_14_01_486000.csv.gz,0.8

wtn.2.48.S16.7.1976.111.00_58_59_762000.csv.gz,0.8
wtn.2.48.S16.7.1976.111.05_19_59_099000.csv.gz,0.8

wtn.3.16.S16.7.1976.126.11_31_59_544000.csv.gz,0.8
wtn.3.16.S16.3.1976.126.14_29_50_258000.csv.gz,0.8

wtn.3.17.S16.7.1976.127.12_19_05_134000.csv.gz,0.8

wtn.3.27.S16.7.1976.132.23_35_23_373000.csv.gz,0.8

wtn.3.27.S16.7.1976.133.00_00_00_128000.csv.gz,0.8

wtn.3.30.S16.7.1976.134.19_43_59_366000.csv.gz,0.8

wtn.3.30.S16.7.1976.135.00_00_00_366000.csv.gz,0.8
wtn.3.31.S16.7.1976.135.22_42_07_153000.csv.gz,0.8


wtn.3.31.S16.7.1976.136.00_00_00_116000.csv.gz,0.8
wtn.3.32.S16.7.1976.136.00_35_19_252000.csv.gz,0.8
wtn.3.32.S16.700.1976.136.01_35_29_631000.csv.gz,0.8
wtn.3.33.S16.7.1976.136.22_07_52_355000.csv.gz,0.8

wtn.3.33.S16.7.1976.137.00_00_00_449000.csv.gz,0.8
wtn.3.33.S16.700.1976.137.05_23_20_486000.csv.gz,0.8
wtn.3.35.S16.7.1976.137.22_50_59_617000.csv.gz,0.8

wtn.3.35.S16.7.1976.138.00_00_00_068000.csv.gz,0.8
wtn.3.35.S16.700.1976.138.06_42_26_069000.csv.gz,0.8
wtn.3.37.S16.7.1976.138.23_34_59_279000.csv.gz,0.8

wtn.3.37.S16.7.1976.139.00_00_00_176000.csv.gz,0.8
wtn.3.37.S16.700.1976.139.07_36_58_455000.csv.gz,0.8

wtn.3.38.S16.7.1976.140.00_14_10_463000.csv.gz,0.8
wtn.3.39.S16.7.1976.140.04_01_01_832000.csv.gz,0.8

wtn.3.40.S16.7.1976.141.01_39_59_392000.csv.gz,0.8

wtn.5.17.S16.7.1976.185.12_27_59_037000.csv.gz,0.8
wtn.5.18.S16.7.1976.185.14_55_17_899000.csv.gz,0.8
wtn.5.18.S16.700.1976.185.16_20_59_415000.csv.gz,0.8

wtn.5.33.S16.7.1976.191.18_32_59_546000.csv.gz,0.8
wtn.5.34.S16.7.1976.191.21_20_06_494000.csv.gz,0.8

wtn.5.34.S16.7.1976.192.00_00_00_566000.csv.gz,0.8
wtn.5.34.S16.700.1976.192.02_17_11_992000.csv.gz,0.8
wtn.5.36.S16.7.1976.192.19_15_15_061000.csv.gz,0.8

wtn.5.39.S16.7.1976.193.23_31_32_792000.csv.gz,0.8

wtn.5.39.S16.7.1976.194.00_00_00_176000.csv.gz,0.8

wtn.5.50.S16.700.1976.197.23_33_50_832000.csv.gz,0.8

wtn.5.50.S16.700.1976.198.00_00_00_556000.csv.gz,0.8

wtn.5.52.S16.7.1976.199.00_55_02_059000.csv.gz,0.8
wtn.5.53.S16.7.1976.199.03_30_04_525000.csv.gz,0.8


wtn.7.49.S16.7.1976.250.19_45_37_822000.csv.gz,0.8

wtn.7.49.S16.7.1976.251.00_00_00_434000.csv.gz,0.8
wtn.7.49.S16.700.1976.251.01_51_42_584000.csv.gz,0.8
wtn.7.50.S16.7.1976.251.19_19_59_319000.csv.gz,0.8


wtn.7.50.S16.7.1976.252.00_00_00_270000.csv.gz,0.8
wtn.7.51.S16.7.1976.252.01_10_54_244000.csv.gz,0.8
wtn.7.51.S16.700.1976.252.02_08_57_242000.csv.gz,0.8
wtn.7.52.S16.7.1976.252.22_06_45_586000.csv.gz,0.8

wtn.7.53.S16.7.1976.254.04_19_59_399000.csv.gz,0.8
wtn.7.54.S16.7.1976.254.20_54_59_240000.csv.gz,0.8

wtn.7.54.S16.7.1976.255.00_00_00_231000.csv.gz,0.8

wtn.8.2.S16.7.1976.256.21_46_59_077000.csv.gz,0.8

wtn.8.2.S16.7.1976.257.00_00_00_520000.csv.gz,0.8
wtn.8.2.S16.700.1976.257.05_12_13_384000.csv.gz,0.8
wtn.8.3.S16.7.1976.257.21_40_20_205000.csv.gz,0.8


wtn.8.3.S16.7.1976.258.00_00_00_142000.csv.gz,0.8
wtn.8.3.S16.5.1976.258.00_00_00_559000.csv.gz,0.8
wtn.8.4.S16.7.1976.258.03_47_59_137000.csv.gz,0.8
wtn.8.4.S16.8.1976.258.03_51_07_926000.csv.gz,0.8
wtn.8.4.S16.700.1976.258.04_47_15_185000.csv.gz,0.8


wtn.8.5.S16.7.1976.259.00_00_00_426000.csv.gz,0.8
wtn.8.6.S16.7.1976.259.06_07_07_079000.csv.gz,0.8
wtn.8.6.S16.700.1976.259.08_08_19_269000.csv.gz,0.8
wtn.8.7.S16.7.1976.259.22_54_01_562000.csv.gz,0.8


wtn.8.8.S16.7.1976.261.00_00_00_518000.csv.gz,0.8
wtn.8.9.S16.7.1976.261.03_06_12_970000.csv.gz,0.8
wtn.8.10.S16.7.1976.261.06_10_30_715000.csv.gz,0.8

wtn.8.15.S16.7.1976.264.04_29_59_277000.csv.gz,0.8

wtn.8.36.S16.7.1976.275.14_36_59_275000.csv.gz,0.8
wtn.8.37.S16.7.1976.275.15_53_48_831000.csv.gz,0.8
wtn.8.37.S16.700.1976.275.18_07_20_463000.csv.gz,0.8

wtn.8.44.S16.7.1976.279.17_14_59_137000.csv.gz,0.8

wtn.8.44.S16.7.1976.280.00_00_00_369000.csv.gz,0.8
wtn.8.45.S16.700.1976.280.20_43_15_226000.csv.gz,0.8
wtn.8.46.S16.7.1976.280.23_40_35_593000.csv.gz,0.8

wtn.8.46.S16.7.1976.281.00_00_00_214000.csv.gz,0.8
wtn.8.46.S16.700.1976.281.02_31_32_594000.csv.gz,0.8
wtn.8.47.S16.7.1976.281.18_37_59_720000.csv.gz,0.8
wtn.8.48.S16.7.1976.281.20_48_59_238000.csv.gz,0.8

wtn.8.48.S16.7.1976.282.00_00_00_089000.csv.gz,0.8
wtn.8.49.S16.7.1976.282.19_34_59_772000.csv.gz,0.8
wtn.8.49.S16.700.1976.282.20_57_59_439000.csv.gz,0.8

wtn.8.49.S16.700.1976.283.00_00_00_536000.csv.gz,0.8
wtn.8.50.S16.7.1976.283.01_06_57_840000.csv.gz,0.8
wtn.8.50.S16.7.1976.283.02_29_58_720000.csv.gz,0.8
wtn.8.50.S16.7.1976.283.02_30_07_776000.csv.gz,0.8
wtn.8.50.S16.7.1976.283.03_25_43_460000.csv.gz,0.8
wtn.8.50.S16.7.1976.283.03_32_43_664000.csv.gz,0.8
wtn.8.52.S16.7.1976.283.19_44_41_579000.csv.gz,0.8

wtn.8.52.S16.7.1976.284.00_00_00_321000.csv.gz,0.8
wtn.8.53.S16.7.1976.284.02_21_58_519000.csv.gz,0.8
wtn.8.53.S16.7.1976.284.19_54_25_708000.csv.gz,0.8

wtn.8.55.S16.7.1976.285.20_09_59_254000.csv.gz,0.8

wtn.8.55.S16.7.1976.286.00_00_00_142000.csv.gz,0.8
wtn.9.1.S16.7.1976.286.21_24_59_030000.csv.gz,0.8

wtn.9.1.S16.7.1976.287.00_00_00_255000.csv.gz,0.8
wtn.9.2.S16.7.1976.287.21_37_59_419000.csv.gz,0.8

wtn.9.2.S16.7.1976.288.00_00_00_057000.csv.gz,0.8
wtn.9.3.S16.7.1976.288.22_32_18_678000.csv.gz,0.8

wtn.9.3.S16.7.1976.289.00_00_00_376000.csv.gz,0.8
wtn.9.4.S16.7.1976.289.01_50_20_518000.csv.gz,0.8
wtn.9.5.S16.7.1976.289.23_44_59_080000.csv.gz,0.8

wtn.9.5.S16.7.1976.290.00_00_00_483000.csv.gz,0.8

wtn.9.12.S16.7.1976.296.06_06_13_788000.csv.gz,0.8
wtn.9.13.S16.7.1976.296.06_06_13_788000.csv.gz,0.8

wtn.9.22.S16.7.1976.303.15_35_36_938000.csv.gz,0.8

wtn.9.23.S16.7.1976.304.14_03_59_210000.csv.gz,0.8
wtn.9.24.S16.7.1976.304.19_33_49_876000.csv.gz,0.8

wtn.9.26.S16.7.1976.306.15_18_19_192000.csv.gz,0.8
wtn.9.26.S16.701.1976.306.18_40_59_711000.csv.gz,0.8
wtn.9.26.S16.700.1976.306.19_06_51_931000.csv.gz,0.8

wtn.9.34.S16.7.1976.311.18_00_30_867000.csv.gz,0.8

wtn.9.34.S16.7.1976.312.00_00_00_179000.csv.gz,0.8
wtn.9.34.S16.700.1976.312.01_21_16_008000.csv.gz,0.8
wtn.9.34.S16.701.1976.312.01_33_21_708000.csv.gz,0.8
wtn.9.35.S16.7.1976.312.18_39_59_193000.csv.gz,0.8

wtn.9.35.S16.7.1976.313.00_00_00_007000.csv.gz,0.8
wtn.9.35.S16.701.1976.313.02_31_59_540000.csv.gz,0.8
wtn.9.35.S16.700.1976.313.04_27_20_847000.csv.gz,0.8
wtn.9.36.S16.7.1976.313.19_15_47_684000.csv.gz,0.8
wtn.9.37.S16.7.1976.313.20_50_02_932000.csv.gz,0.8

wtn.9.37.S16.7.1976.314.00_00_00_365000.csv.gz,0.8
wtn.9.37.S16.700.1976.314.03_38_04_053000.csv.gz,0.8
wtn.9.37.S16.7.1976.314.04_09_59_123000.csv.gz,0.8
wtn.9.38.S16.7.1976.314.22_02_15_020000.csv.gz,0.8

wtn.9.38.S16.7.1976.315.00_00_00_595000.csv.gz,0.8
wtn.9.38.S16.700.1976.315.05_32_14_907000.csv.gz,0.8
wtn.9.39.S16.7.1976.315.20_49_14_385000.csv.gz,0.8

wtn.9.39.S16.7.1976.316.00_00_00_085000.csv.gz,0.8
wtn.9.39.S16.700.1976.316.04_24_58_985000.csv.gz,0.8
wtn.9.40.S16.7.1976.316.21_18_01_242000.csv.gz,0.8
wtn.9.40.S16.700.1976.316.23_43_59_718000.csv.gz,0.8

wtn.9.40.S16.700.1976.317.00_00_00_271000.csv.gz,0.8
wtn.9.41.S16.7.1976.317.07_06_44_394000.csv.gz,0.8
wtn.9.42.S16.7.1976.317.07_43_46_774000.csv.gz,0.8
wtn.9.44.S16.7.1976.317.22_13_59_332000.csv.gz,0.8

wtn.9.44.S16.7.1976.318.00_00_00_435000.csv.gz,0.8
wtn.9.44.S16.700.1976.318.05_00_51_422000.csv.gz,0.8

wtn.9.46.S16.7.1976.319.00_02_59_192000.csv.gz,0.8
wtn.9.46.S16.700.1976.319.06_28_44_069000.csv.gz,0.8

wtn.10.15.S16.7.1976.333.13_51_59_762000.csv.gz,0.8

wtn.10.18.S16.7.1976.334.15_40_00_148000.csv.gz,0.8

wtn.10.29.S16.7.1976.340.23_04_59_197000.csv.gz,0.8

wtn.10.29.S16.7.1976.341.00_00_00_467000.csv.gz,0.8
wtn.10.29.S16.7.1976.341.00_45_22_746000.csv.gz,0.8
wtn.10.29.S16.7.1976.341.00_59_50_326000.csv.gz,0.8
wtn.10.30.S16.7.1976.341.02_59_31_858000.csv.gz,0.8
wtn.10.31.S16.7.1976.341.17_36_01_536000.csv.gz,0.8

wtn.10.33.S16.7.1976.342.18_52_12_912000.csv.gz,0.8

wtn.10.33.S16.7.1976.343.00_00_00_174000.csv.gz,0.8
wtn.10.34.S16.7.1976.343.19_21_59_130000.csv.gz,0.8
wtn.10.35.S16.7.1976.343.20_22_03_465000.csv.gz,0.8

wtn.10.35.S16.7.1976.344.00_00_00_499000.csv.gz,0.8
wtn.10.35.S16.8.1976.344.00_45_41_304000.csv.gz,0.8
wtn.10.36.S16.7.1976.344.20_22_22_387000.csv.gz,0.8

wtn.10.36.S16.7.1976.345.00_00_00_074000.csv.gz,0.8
wtn.10.37.S16.7.1976.345.01_54_25_807000.csv.gz,0.8

wtn.10.38.S16.7.1976.346.00_00_00_164000.csv.gz,0.8
wtn.10.40.S16.7.1976.346.23_00_58_912000.csv.gz,0.8

wtn.10.40.S16.7.1976.347.00_00_00_468000.csv.gz,0.8

wtn.11.14.S16.3.1976.363.17_25_21_299000.csv.gz,0.4
wtn.11.14.S16.300.1976.363.18_06_10_683000.csv.gz,0.4

# 1977 S12

wtn.11.49.S12.3.1977.014.14_25_26_652000.csv.gz,0.4
wtn.11.49.S14.3.1977.014.14_25_26_909000.csv.gz,0.4

wtn.13.9.S12.3.1977.054.14_28_29_502000.csv.gz,0.4
wtn.13.9.S12.300.1977.054.17_25_36_662000.csv.gz,0.4

wtn.13.42.S12.3.1977.073.15_12_22_346000.csv.gz,0.4
wtn.13.42.S12.300.1977.073.17_03_38_297000.csv.gz,0.4

wtn.14.12.S12.3.1977.089.18_55_17_517000.csv.gz,0.4

wtn.14.36.S12.3.1977.103.14_00_30_458000.csv.gz,0.4

wtn.16.53.S12.3.1977.161.13_45_28_076000.csv.gz,0.8

wtn.18.14.S12.3.1977.192.12_00_16_873000.csv.gz,0.8
wtn.18.14.S12.300.1977.192.16_24_59_437000.csv.gz,0.8

wtn.19.24.S12.3.1977.221.16_00_35_107000.csv.gz,0.8

wtn.19.35.S12.3.1977.227.13_33_22_362000.csv.gz,0.8
wtn.19.36.S12.3.1977.227.17_02_52_247000.csv.gz,0.8
wtn.19.36.S12.300.1977.227.17_54_59_928000.csv.gz,0.8

wtn.19.51.S12.9.1977.236.05_54_59_464000.csv.gz,0.8
wtn.19.52.S12.9.1977.236.06_09_43_386000.csv.gz,0.8
wtn.19.52.S12.9.1977.236.11_45_47_472000.csv.gz,0.8

wtn.20.18.S12.900.1977.248.23_28_52_188000.csv.gz,0.8

wtn.20.18.S12.900.1977.249.00_00_00_224000.csv.gz,0.8

wtn.20.20.S12.9.1977.250.21_26_18_937000.csv.gz,0.8
wtn.20.21.S12.9.1977.250.21_58_33_475000.csv.gz,0.8

wtn.20.21.S12.9.1977.251.00_00_00_017000.csv.gz,0.8
wtn.20.22.S12.3.1977.251.14_24_16_927000.csv.gz,0.8
wtn.20.23.S12.9.1977.251.19_43_59_583000.csv.gz,0.8

wtn.20.29.S12.3.1977.257.12_51_31_697000.csv.gz,0.8
wtn.20.29.S12.300.1977.257.13_56_27_413000.csv.gz,0.8
wtn.20.29.S12.3.1977.257.17_16_59_339000.csv.gz,0.8

wtn.20.32.S12.3.1977.259.13_25_19_755000.csv.gz,0.8


# 1977 S14

wtn.13.9.S14.3.1977.054.14_28_29_202000.csv.gz,0.8
wtn.13.9.S14.300.1977.054.17_25_36_328000.csv.gz,0.8

wtn.13.42.S14.3.1977.073.15_12_22_381000.csv.gz,0.4
wtn.13.42.S14.300.1977.073.17_03_38_102000.csv.gz,0.4
wtn.13.45.S14.3.1977.074.14_50_53_833000.csv.gz,0.4
wtn.13.45.S14.300.1977.074.16_48_58_802000.csv.gz,0.4


wtn.14.36.S14.3.1977.103.14_00_30_571000.csv.gz,0.4

wtn.16.6.S14.3.1977.140.11_30_27_769000.csv.gz,0.8

wtn.16.53.S14.3.1977.161.13_45_27_811000.csv.gz,0.8

wtn.19.15.S14.3.1977.217.13_25_19_908000.csv.gz,0.8

wtn.19.24.S14.3.1977.221.16_00_34_558000.csv.gz,0.8

wtn.19.29.S14.3.1977.224.13_46_59_850000.csv.gz,0.8
wtn.19.30.S14.3.1977.224.14_48_27_537000.csv.gz,0.8

wtn.19.35.S14.3.1977.227.13_33_21_920000.csv.gz,0.8
wtn.19.36.S14.3.1977.227.17_02_51_933000.csv.gz,0.8
wtn.19.36.S14.300.1977.227.17_54_59_345000.csv.gz,0.8

wtn.20.18.S14.900.1977.248.23_28_51_929000.csv.gz,0.8

wtn.20.18.S14.900.1977.249.00_00_00_467000.csv.gz,0.8

wtn.20.20.S14.9.1977.250.21_26_19_023000.csv.gz,0.8
wtn.20.21.S14.9.1977.250.21_58_33_465000.csv.gz,0.8 

wtn.20.21.S14.9.1977.251.00_00_00_232000.csv.gz,0.8

wtn.20.29.S14.3.1977.257.12_51_31_399000.csv.gz,0.8
wtn.20.29.S14.300.1977.257.13_56_26_864000.csv.gz,0.8
wtn.20.29.S14.3.1977.257.17_16_59_828000.csv.gz,0.8

wtn.20.32.S14.3.1977.259.13_25_19_666000.csv.gz,0.8

# 1977 S16

wtn.13.11.S16.3.1977.055.15_50_25_522000.csv.gz,0.4

wtn.13.42.S16.3.1977.073.15_12_21_978000.csv.gz,0.4
wtn.13.42.S16.300.1977.073.17_03_38_051000.csv.gz,0.4

wtn.16.14.S16.3.1977.144.15_20_24_277000.csv.gz,0.8
wtn.16.14.S16.300.1977.144.18_08_07_196000.csv.gz,0.8

wtn.19.29.S16.3.1977.224.13_46_59_921000.csv.gz,0.8
wtn.19.30.S16.3.1977.224.14_48_27_521000.csv.gz,0.8

wtn.19.15.S16.3.1977.217.13_25_19_474000.csv.gz,0.8

wtn.19.35.S16.3.1977.227.13_33_22_484000.csv.gz,0.8
wtn.19.36.S16.3.1977.227.17_02_52_196000.csv.gz,0.8
wtn.19.36.S16.300.1977.227.17_54_59_533000.csv.gz,0.8

wtn.20.18.S16.900.1977.248.23_28_51_898000.csv.gz,0.8

wtn.20.18.S16.900.1977.249.00_00_00_481000.csv.gz,0.8

wtn.20.20.S16.9.1977.250.21_26_19_211000.csv.gz,0.8
wtn.20.21.S16.9.1977.250.21_58_33_621000.csv.gz,0.8

wtn.20.21.S16.9.1977.251.00_00_00_271000.csv.gz,0.8
wtn.20.22.S16.3.1977.251.14_24_16_519000.csv.gz,0.8

wtn.20.29.S16.3.1977.257.12_51_31_533000.csv.gz,0.8
wtn.20.29.S16.300.1977.257.13_56_26_953000.csv.gz,0.8
wtn.20.29.S16.3.1977.257.17_16_59_776000.csv.gz,0.8






